"Id","SourceFile","Line","Url","Type","Exists","ResolvedPath","FullUrl"
"1","index.html","3","https://gymtranning.com/","external","False","",""
"2","index.html","12","https://gymtranning.com/og-image.jpg","external","False","",""
"3","index.html","30","/favicon.ico","internal","True","E:\gym\abcv-main\abcv-main\favicon.ico","E:\gym\abcv-main\abcv-main\favicon.ico"
"4","index.html","31","/apple-touch-icon.png","internal","True","E:\gym\abcv-main\abcv-main\apple-touch-icon.png","E:\gym\abcv-main\abcv-main\apple-touch-icon.png"
"5","index.html","33","https://fonts.googleapis.com","external","False","",""
"6","index.html","34","https://fonts.gstatic.com","external","False","",""
"7","index.html","35","https://fonts.googleapis.com/css2?family=Poppins:wght@300;400;500;600;700&amp;family=Montserrat:wght@600;700;800&amp;display=swap","external","False","",""
"8","index.html","37","css/tailwind.min.css","internal","True","E:\gym\abcv-main\abcv-main\css\tailwind.min.css","E:\gym\abcv-main\abcv-main\css\tailwind.min.css"
"9","index.html","39","https://cdnjs.cloudflare.com/ajax/libs/font-awesome/6.4.0/css/all.min.css","external","False","",""
"10","index.html","41","https://cdnjs.cloudflare.com/ajax/libs/font-awesome/6.4.0/css/all.min.css","external","False","",""
"11","index.html","44","https://cdn.jsdelivr.net/npm/lite-youtube-embed@0.3.3/src/lite-yt-embed.min.css","external","False","",""
"12","index.html","46","https://cdn.jsdelivr.net/npm/lite-youtube-embed@0.3.3/src/lite-yt-embed.min.css","external","False","",""
"13","index.html","453","https://cdnjs.cloudflare.com","external","False","",""
"14","index.html","454","https://cdn.jsdelivr.net","external","False","",""
"15","index.html","455","https://www.googletagmanager.com","external","False","",""
"16","index.html","571","#main-content","anchor","False","",""
"17","index.html","739","/top-7-back-exercises-for-muscle-growth.html","internal","True","E:\gym\abcv-main\abcv-main\top-7-back-exercises-for-muscle-growth.html","E:\gym\abcv-main\abcv-main\top-7-back-exercises-for-muscle-growth.html"
"18","index.html","858","top-5-bicep-exercises-for-muscle-growth.html","internal","True","E:\gym\abcv-main\abcv-main\top-5-bicep-exercises-for-muscle-growth.html","E:\gym\abcv-main\abcv-main\top-5-bicep-exercises-for-muscle-growth.html"
"19","index.html","952","/top-5-chest-exercises-for-muscle-growth.html","internal","True","E:\gym\abcv-main\abcv-main\top-5-chest-exercises-for-muscle-growth.html","E:\gym\abcv-main\abcv-main\top-5-chest-exercises-for-muscle-growth.html"
"20","index.html","1624","/blog/science-based-bicep-growth.html","internal","True","E:\gym\abcv-main\abcv-main\blog\science-based-bicep-growth.html","E:\gym\abcv-main\abcv-main\blog\science-based-bicep-growth.html"
"21","index.html","2053","/blog.html","internal","True","E:\gym\abcv-main\abcv-main\blog.html","E:\gym\abcv-main\abcv-main\blog.html"
"22","index.html","2088","https://gymtranning.com/dietplanner.html","external","False","",""
"23","index.html","2089","https://gymtranning.com/caloriecalculator.html","external","False","",""
"24","index.html","2090","https://gymtranning.com/blog.html","external","False","",""
"25","index.html","2100","/workoutplanner.html","internal","True","E:\gym\abcv-main\abcv-main\workoutplanner.html","E:\gym\abcv-main\abcv-main\workoutplanner.html"
"26","index.html","2100","/dietplanner.html","internal","True","E:\gym\abcv-main\abcv-main\dietplanner.html","E:\gym\abcv-main\abcv-main\dietplanner.html"
"27","index.html","2104","/caloriecalculator.html","internal","True","E:\gym\abcv-main\abcv-main\caloriecalculator.html","E:\gym\abcv-main\abcv-main\caloriecalculator.html"
"28","index.html","2104","/blog.html","internal","True","E:\gym\abcv-main\abcv-main\blog.html","E:\gym\abcv-main\abcv-main\blog.html"
"29","index.html","2109","/top-7-back-exercises-for-muscle-growth.html","internal","True","E:\gym\abcv-main\abcv-main\top-7-back-exercises-for-muscle-growth.html","E:\gym\abcv-main\abcv-main\top-7-back-exercises-for-muscle-growth.html"
"30","index.html","6000","${url}","internal","False","E:\gym\abcv-main\abcv-main\${url}","E:\gym\abcv-main\abcv-main\${url}"
"31","index.html","6125","${item.url}","internal","False","E:\gym\abcv-main\abcv-main\${item.url}","E:\gym\abcv-main\abcv-main\${item.url}"
"32","index.html","48","https://cdn.jsdelivr.net/npm/lite-youtube-embed@0.3.3/src/lite-yt-embed.js","external","False","",""
"33","index.html","452","js/ads.min.js","internal","True","E:\gym\abcv-main\abcv-main\js\ads.min.js","E:\gym\abcv-main\abcv-main\js\ads.min.js"
"34","index.html","457","https://www.googletagmanager.com/gtag/js?id=G-J3YYRQ301T","external","False","",""
"35","index.html","6186","layout.js","internal","True","E:\gym\abcv-main\abcv-main\layout.js","E:\gym\abcv-main\abcv-main\layout.js"
"36","blog.html","3","https://gymtranning.com/blog.html","external","False","",""
"37","blog.html","6","favicon.ico","internal","True","E:\gym\abcv-main\abcv-main\favicon.ico","E:\gym\abcv-main\abcv-main\favicon.ico"
"38","blog.html","12","https://gymtranning.com/og-image.jpg","external","False","",""
"39","blog.html","32","https://fonts.googleapis.com","external","False","",""
"40","blog.html","33","https://fonts.gstatic.com","external","False","",""
"41","blog.html","34","https://fonts.googleapis.com/css2?family=Poppins:wght@300;400;500;600;700&amp;family=Montserrat:wght@700;800;900&amp;display=swap","external","False","",""
"42","blog.html","36","css/tailwind.min.css","internal","True","E:\gym\abcv-main\abcv-main\css\tailwind.min.css","E:\gym\abcv-main\abcv-main\css\tailwind.min.css"
"43","blog.html","38","https://cdnjs.cloudflare.com/ajax/libs/font-awesome/6.4.0/css/all.min.css","external","False","",""
"44","blog.html","40","https://cdnjs.cloudflare.com/ajax/libs/font-awesome/6.4.0/css/all.min.css","external","False","",""
"45","blog.html","191","https://cdnjs.cloudflare.com","external","False","",""
"46","blog.html","192","https://cdn.jsdelivr.net","external","False","",""
"47","blog.html","193","https://www.googletagmanager.com","external","False","",""
"48","blog.html","283","#main-content","anchor","False","",""
"49","blog.html","330","blog/advanced-back-isolation.html","internal","True","E:\gym\abcv-main\abcv-main\blog\advanced-back-isolation.html","E:\gym\abcv-main\abcv-main\blog\advanced-back-isolation.html"
"50","blog.html","333","blog/advanced-back-isolation.html","internal","True","E:\gym\abcv-main\abcv-main\blog\advanced-back-isolation.html","E:\gym\abcv-main\abcv-main\blog\advanced-back-isolation.html"
"51","blog.html","346","blog/building-mid-back-thickness-with-rows.html","internal","True","E:\gym\abcv-main\abcv-main\blog\building-mid-back-thickness-with-rows.html","E:\gym\abcv-main\abcv-main\blog\building-mid-back-thickness-with-rows.html"
"52","blog.html","349","blog/building-mid-back-thickness-with-rows.html","internal","True","E:\gym\abcv-main\abcv-main\blog\building-mid-back-thickness-with-rows.html","E:\gym\abcv-main\abcv-main\blog\building-mid-back-thickness-with-rows.html"
"53","blog.html","362","blog/complete-chest-development.html","internal","True","E:\gym\abcv-main\abcv-main\blog\complete-chest-development.html","E:\gym\abcv-main\abcv-main\blog\complete-chest-development.html"
"54","blog.html","365","blog/complete-chest-development.html","internal","True","E:\gym\abcv-main\abcv-main\blog\complete-chest-development.html","E:\gym\abcv-main\abcv-main\blog\complete-chest-development.html"
"55","blog.html","378","blog/correcting-posture-exercises.html","internal","True","E:\gym\abcv-main\abcv-main\blog\correcting-posture-exercises.html","E:\gym\abcv-main\abcv-main\blog\correcting-posture-exercises.html"
"56","blog.html","381","blog/correcting-posture-exercises.html","internal","True","E:\gym\abcv-main\abcv-main\blog\correcting-posture-exercises.html","E:\gym\abcv-main\abcv-main\blog\correcting-posture-exercises.html"
"57","blog.html","394","blog/deadlift-masterclass-strength-safety.html","internal","True","E:\gym\abcv-main\abcv-main\blog\deadlift-masterclass-strength-safety.html","E:\gym\abcv-main\abcv-main\blog\deadlift-masterclass-strength-safety.html"
"58","blog.html","397","blog/deadlift-masterclass-strength-safety.html","internal","True","E:\gym\abcv-main\abcv-main\blog\deadlift-masterclass-strength-safety.html","E:\gym\abcv-main\abcv-main\blog\deadlift-masterclass-strength-safety.html"
"59","blog.html","410","blog/gut-health-fitness.html","internal","True","E:\gym\abcv-main\abcv-main\blog\gut-health-fitness.html","E:\gym\abcv-main\abcv-main\blog\gut-health-fitness.html"
"60","blog.html","413","blog/gut-health-fitness.html","internal","True","E:\gym\abcv-main\abcv-main\blog\gut-health-fitness.html","E:\gym\abcv-main\abcv-main\blog\gut-health-fitness.html"
"61","blog.html","426","blog/hiit-vs-liss.html","internal","True","E:\gym\abcv-main\abcv-main\blog\hiit-vs-liss.html","E:\gym\abcv-main\abcv-main\blog\hiit-vs-liss.html"
"62","blog.html","429","blog/hiit-vs-liss.html","internal","True","E:\gym\abcv-main\abcv-main\blog\hiit-vs-liss.html","E:\gym\abcv-main\abcv-main\blog\hiit-vs-liss.html"
"63","blog.html","442","blog/home-gym-budget.html","internal","True","E:\gym\abcv-main\abcv-main\blog\home-gym-budget.html","E:\gym\abcv-main\abcv-main\blog\home-gym-budget.html"
"64","blog.html","445","blog/home-gym-budget.html","internal","True","E:\gym\abcv-main\abcv-main\blog\home-gym-budget.html","E:\gym\abcv-main\abcv-main\blog\home-gym-budget.html"
"65","blog.html","458","blog/home-workout-essentials.html","internal","True","E:\gym\abcv-main\abcv-main\blog\home-workout-essentials.html","E:\gym\abcv-main\abcv-main\blog\home-workout-essentials.html"
"66","blog.html","461","blog/home-workout-essentials.html","internal","True","E:\gym\abcv-main\abcv-main\blog\home-workout-essentials.html","E:\gym\abcv-main\abcv-main\blog\home-workout-essentials.html"
"67","blog.html","474","blog/hydration-strategies.html","internal","True","E:\gym\abcv-main\abcv-main\blog\hydration-strategies.html","E:\gym\abcv-main\abcv-main\blog\hydration-strategies.html"
"68","blog.html","477","blog/hydration-strategies.html","internal","True","E:\gym\abcv-main\abcv-main\blog\hydration-strategies.html","E:\gym\abcv-main\abcv-main\blog\hydration-strategies.html"
"69","blog.html","490","blog/intermittent-fasting-guide.html","internal","True","E:\gym\abcv-main\abcv-main\blog\intermittent-fasting-guide.html","E:\gym\abcv-main\abcv-main\blog\intermittent-fasting-guide.html"
"70","blog.html","493","blog/intermittent-fasting-guide.html","internal","True","E:\gym\abcv-main\abcv-main\blog\intermittent-fasting-guide.html","E:\gym\abcv-main\abcv-main\blog\intermittent-fasting-guide.html"
"71","blog.html","506","blog/kettlebell-training-strength.html","internal","True","E:\gym\abcv-main\abcv-main\blog\kettlebell-training-strength.html","E:\gym\abcv-main\abcv-main\blog\kettlebell-training-strength.html"
"72","blog.html","509","blog/kettlebell-training-strength.html","internal","True","E:\gym\abcv-main\abcv-main\blog\kettlebell-training-strength.html","E:\gym\abcv-main\abcv-main\blog\kettlebell-training-strength.html"
"73","blog.html","522","blog/leg-day-masterclass.html","internal","True","E:\gym\abcv-main\abcv-main\blog\leg-day-masterclass.html","E:\gym\abcv-main\abcv-main\blog\leg-day-masterclass.html"
"74","blog.html","525","blog/leg-day-masterclass.html","internal","True","E:\gym\abcv-main\abcv-main\blog\leg-day-masterclass.html","E:\gym\abcv-main\abcv-main\blog\leg-day-masterclass.html"
"75","blog.html","538","blog/macro-counting-101.html","internal","True","E:\gym\abcv-main\abcv-main\blog\macro-counting-101.html","E:\gym\abcv-main\abcv-main\blog\macro-counting-101.html"
"76","blog.html","541","blog/macro-counting-101.html","internal","True","E:\gym\abcv-main\abcv-main\blog\macro-counting-101.html","E:\gym\abcv-main\abcv-main\blog\macro-counting-101.html"
"77","blog.html","554","blog/mastering-the-bench-press.html","internal","True","E:\gym\abcv-main\abcv-main\blog\mastering-the-bench-press.html","E:\gym\abcv-main\abcv-main\blog\mastering-the-bench-press.html"
"78","blog.html","557","blog/mastering-the-bench-press.html","internal","True","E:\gym\abcv-main\abcv-main\blog\mastering-the-bench-press.html","E:\gym\abcv-main\abcv-main\blog\mastering-the-bench-press.html"
"79","blog.html","570","blog/mastering-the-lat-pulldown.html","internal","True","E:\gym\abcv-main\abcv-main\blog\mastering-the-lat-pulldown.html","E:\gym\abcv-main\abcv-main\blog\mastering-the-lat-pulldown.html"
"80","blog.html","573","blog/mastering-the-lat-pulldown.html","internal","True","E:\gym\abcv-main\abcv-main\blog\mastering-the-lat-pulldown.html","E:\gym\abcv-main\abcv-main\blog\mastering-the-lat-pulldown.html"
"81","blog.html","586","blog/mindset-motivation-psychology.html","internal","True","E:\gym\abcv-main\abcv-main\blog\mindset-motivation-psychology.html","E:\gym\abcv-main\abcv-main\blog\mindset-motivation-psychology.html"
"82","blog.html","589","blog/mindset-motivation-psychology.html","internal","True","E:\gym\abcv-main\abcv-main\blog\mindset-motivation-psychology.html","E:\gym\abcv-main\abcv-main\blog\mindset-motivation-psychology.html"
"83","blog.html","602","blog/mobility-drills-squats.html","internal","True","E:\gym\abcv-main\abcv-main\blog\mobility-drills-squats.html","E:\gym\abcv-main\abcv-main\blog\mobility-drills-squats.html"
"84","blog.html","605","blog/mobility-drills-squats.html","internal","True","E:\gym\abcv-main\abcv-main\blog\mobility-drills-squats.html","E:\gym\abcv-main\abcv-main\blog\mobility-drills-squats.html"
"85","blog.html","618","blog/overcoming-training-plateau.html","internal","True","E:\gym\abcv-main\abcv-main\blog\overcoming-training-plateau.html","E:\gym\abcv-main\abcv-main\blog\overcoming-training-plateau.html"
"86","blog.html","621","blog/overcoming-training-plateau.html","internal","True","E:\gym\abcv-main\abcv-main\blog\overcoming-training-plateau.html","E:\gym\abcv-main\abcv-main\blog\overcoming-training-plateau.html"
"87","blog.html","634","blog/pre-post-workout-nutrition.html","internal","True","E:\gym\abcv-main\abcv-main\blog\pre-post-workout-nutrition.html","E:\gym\abcv-main\abcv-main\blog\pre-post-workout-nutrition.html"
"88","blog.html","637","blog/pre-post-workout-nutrition.html","internal","True","E:\gym\abcv-main\abcv-main\blog\pre-post-workout-nutrition.html","E:\gym\abcv-main\abcv-main\blog\pre-post-workout-nutrition.html"
"89","blog.html","650","blog/progressive-overload-guide.html","internal","True","E:\gym\abcv-main\abcv-main\blog\progressive-overload-guide.html","E:\gym\abcv-main\abcv-main\blog\progressive-overload-guide.html"
"90","blog.html","653","blog/progressive-overload-guide.html","internal","True","E:\gym\abcv-main\abcv-main\blog\progressive-overload-guide.html","E:\gym\abcv-main\abcv-main\blog\progressive-overload-guide.html"
"91","blog.html","666","blog/recovery-rest-days.html","internal","True","E:\gym\abcv-main\abcv-main\blog\recovery-rest-days.html","E:\gym\abcv-main\abcv-main\blog\recovery-rest-days.html"
"92","blog.html","669","blog/recovery-rest-days.html","internal","True","E:\gym\abcv-main\abcv-main\blog\recovery-rest-days.html","E:\gym\abcv-main\abcv-main\blog\recovery-rest-days.html"
"93","blog.html","682","blog/science-based-bicep-growth.html","internal","True","E:\gym\abcv-main\abcv-main\blog\science-based-bicep-growth.html","E:\gym\abcv-main\abcv-main\blog\science-based-bicep-growth.html"
"94","blog.html","685","blog/science-based-bicep-growth.html","internal","True","E:\gym\abcv-main\abcv-main\blog\science-based-bicep-growth.html","E:\gym\abcv-main\abcv-main\blog\science-based-bicep-growth.html"
"95","blog.html","698","blog/science-of-muscle-recovery.html","internal","True","E:\gym\abcv-main\abcv-main\blog\science-of-muscle-recovery.html","E:\gym\abcv-main\abcv-main\blog\science-of-muscle-recovery.html"
"96","blog.html","701","blog/science-of-muscle-recovery.html","internal","True","E:\gym\abcv-main\abcv-main\blog\science-of-muscle-recovery.html","E:\gym\abcv-main\abcv-main\blog\science-of-muscle-recovery.html"
"97","blog.html","714","blog/sleep-muscle-connection.html","internal","True","E:\gym\abcv-main\abcv-main\blog\sleep-muscle-connection.html","E:\gym\abcv-main\abcv-main\blog\sleep-muscle-connection.html"
"98","blog.html","717","blog/sleep-muscle-connection.html","internal","True","E:\gym\abcv-main\abcv-main\blog\sleep-muscle-connection.html","E:\gym\abcv-main\abcv-main\blog\sleep-muscle-connection.html"
"99","blog.html","730","blog/targeting-three-deltoid-heads.html","internal","True","E:\gym\abcv-main\abcv-main\blog\targeting-three-deltoid-heads.html","E:\gym\abcv-main\abcv-main\blog\targeting-three-deltoid-heads.html"
"100","blog.html","733","blog/targeting-three-deltoid-heads.html","internal","True","E:\gym\abcv-main\abcv-main\blog\targeting-three-deltoid-heads.html","E:\gym\abcv-main\abcv-main\blog\targeting-three-deltoid-heads.html"
"101","blog.html","746","blog/top-10-supplements.html","internal","True","E:\gym\abcv-main\abcv-main\blog\top-10-supplements.html","E:\gym\abcv-main\abcv-main\blog\top-10-supplements.html"
"102","blog.html","749","blog/top-10-supplements.html","internal","True","E:\gym\abcv-main\abcv-main\blog\top-10-supplements.html","E:\gym\abcv-main\abcv-main\blog\top-10-supplements.html"
"103","blog.html","762","blog/ultimate-back-training-beginners.html","internal","True","E:\gym\abcv-main\abcv-main\blog\ultimate-back-training-beginners.html","E:\gym\abcv-main\abcv-main\blog\ultimate-back-training-beginners.html"
"104","blog.html","765","blog/ultimate-back-training-beginners.html","internal","True","E:\gym\abcv-main\abcv-main\blog\ultimate-back-training-beginners.html","E:\gym\abcv-main\abcv-main\blog\ultimate-back-training-beginners.html"
"105","blog.html","778","blog/ultimate-guide-cardio-part-11.html","internal","True","E:\gym\abcv-main\abcv-main\blog\ultimate-guide-cardio-part-11.html","E:\gym\abcv-main\abcv-main\blog\ultimate-guide-cardio-part-11.html"
"106","blog.html","781","blog/ultimate-guide-cardio-part-11.html","internal","True","E:\gym\abcv-main\abcv-main\blog\ultimate-guide-cardio-part-11.html","E:\gym\abcv-main\abcv-main\blog\ultimate-guide-cardio-part-11.html"
"107","blog.html","794","blog/ultimate-guide-cardio-part-42.html","internal","True","E:\gym\abcv-main\abcv-main\blog\ultimate-guide-cardio-part-42.html","E:\gym\abcv-main\abcv-main\blog\ultimate-guide-cardio-part-42.html"
"108","blog.html","797","blog/ultimate-guide-cardio-part-42.html","internal","True","E:\gym\abcv-main\abcv-main\blog\ultimate-guide-cardio-part-42.html","E:\gym\abcv-main\abcv-main\blog\ultimate-guide-cardio-part-42.html"
"109","blog.html","810","blog/ultimate-guide-cardio-part-74.html","internal","True","E:\gym\abcv-main\abcv-main\blog\ultimate-guide-cardio-part-74.html","E:\gym\abcv-main\abcv-main\blog\ultimate-guide-cardio-part-74.html"
"110","blog.html","813","blog/ultimate-guide-cardio-part-74.html","internal","True","E:\gym\abcv-main\abcv-main\blog\ultimate-guide-cardio-part-74.html","E:\gym\abcv-main\abcv-main\blog\ultimate-guide-cardio-part-74.html"
"111","blog.html","826","blog/ultimate-guide-cardio-part-75.html","internal","True","E:\gym\abcv-main\abcv-main\blog\ultimate-guide-cardio-part-75.html","E:\gym\abcv-main\abcv-main\blog\ultimate-guide-cardio-part-75.html"
"112","blog.html","829","blog/ultimate-guide-cardio-part-75.html","internal","True","E:\gym\abcv-main\abcv-main\blog\ultimate-guide-cardio-part-75.html","E:\gym\abcv-main\abcv-main\blog\ultimate-guide-cardio-part-75.html"
"113","blog.html","842","blog/ultimate-guide-cardio-part-76.html","internal","True","E:\gym\abcv-main\abcv-main\blog\ultimate-guide-cardio-part-76.html","E:\gym\abcv-main\abcv-main\blog\ultimate-guide-cardio-part-76.html"
"114","blog.html","845","blog/ultimate-guide-cardio-part-76.html","internal","True","E:\gym\abcv-main\abcv-main\blog\ultimate-guide-cardio-part-76.html","E:\gym\abcv-main\abcv-main\blog\ultimate-guide-cardio-part-76.html"
"115","blog.html","858","blog/ultimate-guide-cardio-part-98.html","internal","True","E:\gym\abcv-main\abcv-main\blog\ultimate-guide-cardio-part-98.html","E:\gym\abcv-main\abcv-main\blog\ultimate-guide-cardio-part-98.html"
"116","blog.html","861","blog/ultimate-guide-cardio-part-98.html","internal","True","E:\gym\abcv-main\abcv-main\blog\ultimate-guide-cardio-part-98.html","E:\gym\abcv-main\abcv-main\blog\ultimate-guide-cardio-part-98.html"
"117","blog.html","874","blog/ultimate-guide-fat-loss-part-13.html","internal","True","E:\gym\abcv-main\abcv-main\blog\ultimate-guide-fat-loss-part-13.html","E:\gym\abcv-main\abcv-main\blog\ultimate-guide-fat-loss-part-13.html"
"118","blog.html","877","blog/ultimate-guide-fat-loss-part-13.html","internal","True","E:\gym\abcv-main\abcv-main\blog\ultimate-guide-fat-loss-part-13.html","E:\gym\abcv-main\abcv-main\blog\ultimate-guide-fat-loss-part-13.html"
"119","blog.html","890","blog/ultimate-guide-fat-loss-part-20.html","internal","True","E:\gym\abcv-main\abcv-main\blog\ultimate-guide-fat-loss-part-20.html","E:\gym\abcv-main\abcv-main\blog\ultimate-guide-fat-loss-part-20.html"
"120","blog.html","893","blog/ultimate-guide-fat-loss-part-20.html","internal","True","E:\gym\abcv-main\abcv-main\blog\ultimate-guide-fat-loss-part-20.html","E:\gym\abcv-main\abcv-main\blog\ultimate-guide-fat-loss-part-20.html"
"121","blog.html","906","blog/ultimate-guide-fat-loss-part-28.html","internal","True","E:\gym\abcv-main\abcv-main\blog\ultimate-guide-fat-loss-part-28.html","E:\gym\abcv-main\abcv-main\blog\ultimate-guide-fat-loss-part-28.html"
"122","blog.html","909","blog/ultimate-guide-fat-loss-part-28.html","internal","True","E:\gym\abcv-main\abcv-main\blog\ultimate-guide-fat-loss-part-28.html","E:\gym\abcv-main\abcv-main\blog\ultimate-guide-fat-loss-part-28.html"
"123","blog.html","922","blog/ultimate-guide-fat-loss-part-37.html","internal","True","E:\gym\abcv-main\abcv-main\blog\ultimate-guide-fat-loss-part-37.html","E:\gym\abcv-main\abcv-main\blog\ultimate-guide-fat-loss-part-37.html"
"124","blog.html","925","blog/ultimate-guide-fat-loss-part-37.html","internal","True","E:\gym\abcv-main\abcv-main\blog\ultimate-guide-fat-loss-part-37.html","E:\gym\abcv-main\abcv-main\blog\ultimate-guide-fat-loss-part-37.html"
"125","blog.html","938","blog/ultimate-guide-fat-loss-part-40.html","internal","True","E:\gym\abcv-main\abcv-main\blog\ultimate-guide-fat-loss-part-40.html","E:\gym\abcv-main\abcv-main\blog\ultimate-guide-fat-loss-part-40.html"
"126","blog.html","941","blog/ultimate-guide-fat-loss-part-40.html","internal","True","E:\gym\abcv-main\abcv-main\blog\ultimate-guide-fat-loss-part-40.html","E:\gym\abcv-main\abcv-main\blog\ultimate-guide-fat-loss-part-40.html"
"127","blog.html","954","blog/ultimate-guide-fat-loss-part-47.html","internal","True","E:\gym\abcv-main\abcv-main\blog\ultimate-guide-fat-loss-part-47.html","E:\gym\abcv-main\abcv-main\blog\ultimate-guide-fat-loss-part-47.html"
"128","blog.html","957","blog/ultimate-guide-fat-loss-part-47.html","internal","True","E:\gym\abcv-main\abcv-main\blog\ultimate-guide-fat-loss-part-47.html","E:\gym\abcv-main\abcv-main\blog\ultimate-guide-fat-loss-part-47.html"
"129","blog.html","970","blog/ultimate-guide-fat-loss-part-49.html","internal","True","E:\gym\abcv-main\abcv-main\blog\ultimate-guide-fat-loss-part-49.html","E:\gym\abcv-main\abcv-main\blog\ultimate-guide-fat-loss-part-49.html"
"130","blog.html","973","blog/ultimate-guide-fat-loss-part-49.html","internal","True","E:\gym\abcv-main\abcv-main\blog\ultimate-guide-fat-loss-part-49.html","E:\gym\abcv-main\abcv-main\blog\ultimate-guide-fat-loss-part-49.html"
"131","blog.html","986","blog/ultimate-guide-fat-loss-part-56.html","internal","True","E:\gym\abcv-main\abcv-main\blog\ultimate-guide-fat-loss-part-56.html","E:\gym\abcv-main\abcv-main\blog\ultimate-guide-fat-loss-part-56.html"
"132","blog.html","989","blog/ultimate-guide-fat-loss-part-56.html","internal","True","E:\gym\abcv-main\abcv-main\blog\ultimate-guide-fat-loss-part-56.html","E:\gym\abcv-main\abcv-main\blog\ultimate-guide-fat-loss-part-56.html"
"133","blog.html","1002","blog/ultimate-guide-fat-loss-part-57.html","internal","True","E:\gym\abcv-main\abcv-main\blog\ultimate-guide-fat-loss-part-57.html","E:\gym\abcv-main\abcv-main\blog\ultimate-guide-fat-loss-part-57.html"
"134","blog.html","1005","blog/ultimate-guide-fat-loss-part-57.html","internal","True","E:\gym\abcv-main\abcv-main\blog\ultimate-guide-fat-loss-part-57.html","E:\gym\abcv-main\abcv-main\blog\ultimate-guide-fat-loss-part-57.html"
"135","blog.html","1018","blog/ultimate-guide-fat-loss-part-67.html","internal","True","E:\gym\abcv-main\abcv-main\blog\ultimate-guide-fat-loss-part-67.html","E:\gym\abcv-main\abcv-main\blog\ultimate-guide-fat-loss-part-67.html"
"136","blog.html","1021","blog/ultimate-guide-fat-loss-part-67.html","internal","True","E:\gym\abcv-main\abcv-main\blog\ultimate-guide-fat-loss-part-67.html","E:\gym\abcv-main\abcv-main\blog\ultimate-guide-fat-loss-part-67.html"
"137","blog.html","1034","blog/ultimate-guide-fat-loss-part-69.html","internal","True","E:\gym\abcv-main\abcv-main\blog\ultimate-guide-fat-loss-part-69.html","E:\gym\abcv-main\abcv-main\blog\ultimate-guide-fat-loss-part-69.html"
"138","blog.html","1037","blog/ultimate-guide-fat-loss-part-69.html","internal","True","E:\gym\abcv-main\abcv-main\blog\ultimate-guide-fat-loss-part-69.html","E:\gym\abcv-main\abcv-main\blog\ultimate-guide-fat-loss-part-69.html"
"139","blog.html","1050","blog/ultimate-guide-fat-loss-part-71.html","internal","True","E:\gym\abcv-main\abcv-main\blog\ultimate-guide-fat-loss-part-71.html","E:\gym\abcv-main\abcv-main\blog\ultimate-guide-fat-loss-part-71.html"
"140","blog.html","1053","blog/ultimate-guide-fat-loss-part-71.html","internal","True","E:\gym\abcv-main\abcv-main\blog\ultimate-guide-fat-loss-part-71.html","E:\gym\abcv-main\abcv-main\blog\ultimate-guide-fat-loss-part-71.html"
"141","blog.html","1066","blog/ultimate-guide-fat-loss-part-97.html","internal","True","E:\gym\abcv-main\abcv-main\blog\ultimate-guide-fat-loss-part-97.html","E:\gym\abcv-main\abcv-main\blog\ultimate-guide-fat-loss-part-97.html"
"142","blog.html","1069","blog/ultimate-guide-fat-loss-part-97.html","internal","True","E:\gym\abcv-main\abcv-main\blog\ultimate-guide-fat-loss-part-97.html","E:\gym\abcv-main\abcv-main\blog\ultimate-guide-fat-loss-part-97.html"
"143","blog.html","1082","blog/ultimate-guide-flexibility-part-10.html","internal","True","E:\gym\abcv-main\abcv-main\blog\ultimate-guide-flexibility-part-10.html","E:\gym\abcv-main\abcv-main\blog\ultimate-guide-flexibility-part-10.html"
"144","blog.html","1085","blog/ultimate-guide-flexibility-part-10.html","internal","True","E:\gym\abcv-main\abcv-main\blog\ultimate-guide-flexibility-part-10.html","E:\gym\abcv-main\abcv-main\blog\ultimate-guide-flexibility-part-10.html"
"145","blog.html","1098","blog/ultimate-guide-flexibility-part-24.html","internal","True","E:\gym\abcv-main\abcv-main\blog\ultimate-guide-flexibility-part-24.html","E:\gym\abcv-main\abcv-main\blog\ultimate-guide-flexibility-part-24.html"
"146","blog.html","1101","blog/ultimate-guide-flexibility-part-24.html","internal","True","E:\gym\abcv-main\abcv-main\blog\ultimate-guide-flexibility-part-24.html","E:\gym\abcv-main\abcv-main\blog\ultimate-guide-flexibility-part-24.html"
"147","blog.html","1114","blog/ultimate-guide-flexibility-part-27.html","internal","True","E:\gym\abcv-main\abcv-main\blog\ultimate-guide-flexibility-part-27.html","E:\gym\abcv-main\abcv-main\blog\ultimate-guide-flexibility-part-27.html"
"148","blog.html","1117","blog/ultimate-guide-flexibility-part-27.html","internal","True","E:\gym\abcv-main\abcv-main\blog\ultimate-guide-flexibility-part-27.html","E:\gym\abcv-main\abcv-main\blog\ultimate-guide-flexibility-part-27.html"
"149","blog.html","1130","blog/ultimate-guide-flexibility-part-29.html","internal","True","E:\gym\abcv-main\abcv-main\blog\ultimate-guide-flexibility-part-29.html","E:\gym\abcv-main\abcv-main\blog\ultimate-guide-flexibility-part-29.html"
"150","blog.html","1133","blog/ultimate-guide-flexibility-part-29.html","internal","True","E:\gym\abcv-main\abcv-main\blog\ultimate-guide-flexibility-part-29.html","E:\gym\abcv-main\abcv-main\blog\ultimate-guide-flexibility-part-29.html"
"151","blog.html","1146","blog/ultimate-guide-flexibility-part-38.html","internal","True","E:\gym\abcv-main\abcv-main\blog\ultimate-guide-flexibility-part-38.html","E:\gym\abcv-main\abcv-main\blog\ultimate-guide-flexibility-part-38.html"
"152","blog.html","1149","blog/ultimate-guide-flexibility-part-38.html","internal","True","E:\gym\abcv-main\abcv-main\blog\ultimate-guide-flexibility-part-38.html","E:\gym\abcv-main\abcv-main\blog\ultimate-guide-flexibility-part-38.html"
"153","blog.html","1162","blog/ultimate-guide-flexibility-part-41.html","internal","True","E:\gym\abcv-main\abcv-main\blog\ultimate-guide-flexibility-part-41.html","E:\gym\abcv-main\abcv-main\blog\ultimate-guide-flexibility-part-41.html"
"154","blog.html","1165","blog/ultimate-guide-flexibility-part-41.html","internal","True","E:\gym\abcv-main\abcv-main\blog\ultimate-guide-flexibility-part-41.html","E:\gym\abcv-main\abcv-main\blog\ultimate-guide-flexibility-part-41.html"
"155","blog.html","1178","blog/ultimate-guide-flexibility-part-50.html","internal","True","E:\gym\abcv-main\abcv-main\blog\ultimate-guide-flexibility-part-50.html","E:\gym\abcv-main\abcv-main\blog\ultimate-guide-flexibility-part-50.html"
"156","blog.html","1181","blog/ultimate-guide-flexibility-part-50.html","internal","True","E:\gym\abcv-main\abcv-main\blog\ultimate-guide-flexibility-part-50.html","E:\gym\abcv-main\abcv-main\blog\ultimate-guide-flexibility-part-50.html"
"157","blog.html","1194","blog/ultimate-guide-flexibility-part-73.html","internal","True","E:\gym\abcv-main\abcv-main\blog\ultimate-guide-flexibility-part-73.html","E:\gym\abcv-main\abcv-main\blog\ultimate-guide-flexibility-part-73.html"
"158","blog.html","1197","blog/ultimate-guide-flexibility-part-73.html","internal","True","E:\gym\abcv-main\abcv-main\blog\ultimate-guide-flexibility-part-73.html","E:\gym\abcv-main\abcv-main\blog\ultimate-guide-flexibility-part-73.html"
"159","blog.html","1210","blog/ultimate-guide-flexibility-part-80.html","internal","True","E:\gym\abcv-main\abcv-main\blog\ultimate-guide-flexibility-part-80.html","E:\gym\abcv-main\abcv-main\blog\ultimate-guide-flexibility-part-80.html"
"160","blog.html","1213","blog/ultimate-guide-flexibility-part-80.html","internal","True","E:\gym\abcv-main\abcv-main\blog\ultimate-guide-flexibility-part-80.html","E:\gym\abcv-main\abcv-main\blog\ultimate-guide-flexibility-part-80.html"
"161","blog.html","1226","blog/ultimate-guide-flexibility-part-87.html","internal","True","E:\gym\abcv-main\abcv-main\blog\ultimate-guide-flexibility-part-87.html","E:\gym\abcv-main\abcv-main\blog\ultimate-guide-flexibility-part-87.html"
"162","blog.html","1229","blog/ultimate-guide-flexibility-part-87.html","internal","True","E:\gym\abcv-main\abcv-main\blog\ultimate-guide-flexibility-part-87.html","E:\gym\abcv-main\abcv-main\blog\ultimate-guide-flexibility-part-87.html"
"163","blog.html","1242","blog/ultimate-guide-flexibility-part-9.html","internal","True","E:\gym\abcv-main\abcv-main\blog\ultimate-guide-flexibility-part-9.html","E:\gym\abcv-main\abcv-main\blog\ultimate-guide-flexibility-part-9.html"
"164","blog.html","1245","blog/ultimate-guide-flexibility-part-9.html","internal","True","E:\gym\abcv-main\abcv-main\blog\ultimate-guide-flexibility-part-9.html","E:\gym\abcv-main\abcv-main\blog\ultimate-guide-flexibility-part-9.html"
"165","blog.html","1258","blog/ultimate-guide-home-workouts-part-12.html","internal","True","E:\gym\abcv-main\abcv-main\blog\ultimate-guide-home-workouts-part-12.html","E:\gym\abcv-main\abcv-main\blog\ultimate-guide-home-workouts-part-12.html"
"166","blog.html","1261","blog/ultimate-guide-home-workouts-part-12.html","internal","True","E:\gym\abcv-main\abcv-main\blog\ultimate-guide-home-workouts-part-12.html","E:\gym\abcv-main\abcv-main\blog\ultimate-guide-home-workouts-part-12.html"
"167","blog.html","1274","blog/ultimate-guide-home-workouts-part-34.html","internal","True","E:\gym\abcv-main\abcv-main\blog\ultimate-guide-home-workouts-part-34.html","E:\gym\abcv-main\abcv-main\blog\ultimate-guide-home-workouts-part-34.html"
"168","blog.html","1277","blog/ultimate-guide-home-workouts-part-34.html","internal","True","E:\gym\abcv-main\abcv-main\blog\ultimate-guide-home-workouts-part-34.html","E:\gym\abcv-main\abcv-main\blog\ultimate-guide-home-workouts-part-34.html"
"169","blog.html","1290","blog/ultimate-guide-home-workouts-part-45.html","internal","True","E:\gym\abcv-main\abcv-main\blog\ultimate-guide-home-workouts-part-45.html","E:\gym\abcv-main\abcv-main\blog\ultimate-guide-home-workouts-part-45.html"
"170","blog.html","1293","blog/ultimate-guide-home-workouts-part-45.html","internal","True","E:\gym\abcv-main\abcv-main\blog\ultimate-guide-home-workouts-part-45.html","E:\gym\abcv-main\abcv-main\blog\ultimate-guide-home-workouts-part-45.html"
"171","blog.html","1306","blog/ultimate-guide-home-workouts-part-53.html","internal","True","E:\gym\abcv-main\abcv-main\blog\ultimate-guide-home-workouts-part-53.html","E:\gym\abcv-main\abcv-main\blog\ultimate-guide-home-workouts-part-53.html"
"172","blog.html","1309","blog/ultimate-guide-home-workouts-part-53.html","internal","True","E:\gym\abcv-main\abcv-main\blog\ultimate-guide-home-workouts-part-53.html","E:\gym\abcv-main\abcv-main\blog\ultimate-guide-home-workouts-part-53.html"
"173","blog.html","1322","blog/ultimate-guide-home-workouts-part-6.html","internal","True","E:\gym\abcv-main\abcv-main\blog\ultimate-guide-home-workouts-part-6.html","E:\gym\abcv-main\abcv-main\blog\ultimate-guide-home-workouts-part-6.html"
"174","blog.html","1325","blog/ultimate-guide-home-workouts-part-6.html","internal","True","E:\gym\abcv-main\abcv-main\blog\ultimate-guide-home-workouts-part-6.html","E:\gym\abcv-main\abcv-main\blog\ultimate-guide-home-workouts-part-6.html"
"175","blog.html","1338","blog/ultimate-guide-home-workouts-part-63.html","internal","True","E:\gym\abcv-main\abcv-main\blog\ultimate-guide-home-workouts-part-63.html","E:\gym\abcv-main\abcv-main\blog\ultimate-guide-home-workouts-part-63.html"
"176","blog.html","1341","blog/ultimate-guide-home-workouts-part-63.html","internal","True","E:\gym\abcv-main\abcv-main\blog\ultimate-guide-home-workouts-part-63.html","E:\gym\abcv-main\abcv-main\blog\ultimate-guide-home-workouts-part-63.html"
"177","blog.html","1354","blog/ultimate-guide-home-workouts-part-66.html","internal","True","E:\gym\abcv-main\abcv-main\blog\ultimate-guide-home-workouts-part-66.html","E:\gym\abcv-main\abcv-main\blog\ultimate-guide-home-workouts-part-66.html"
"178","blog.html","1357","blog/ultimate-guide-home-workouts-part-66.html","internal","True","E:\gym\abcv-main\abcv-main\blog\ultimate-guide-home-workouts-part-66.html","E:\gym\abcv-main\abcv-main\blog\ultimate-guide-home-workouts-part-66.html"
"179","blog.html","1370","blog/ultimate-guide-home-workouts-part-93.html","internal","True","E:\gym\abcv-main\abcv-main\blog\ultimate-guide-home-workouts-part-93.html","E:\gym\abcv-main\abcv-main\blog\ultimate-guide-home-workouts-part-93.html"
"180","blog.html","1373","blog/ultimate-guide-home-workouts-part-93.html","internal","True","E:\gym\abcv-main\abcv-main\blog\ultimate-guide-home-workouts-part-93.html","E:\gym\abcv-main\abcv-main\blog\ultimate-guide-home-workouts-part-93.html"
"181","blog.html","1386","blog/ultimate-guide-mindset-part-18.html","internal","True","E:\gym\abcv-main\abcv-main\blog\ultimate-guide-mindset-part-18.html","E:\gym\abcv-main\abcv-main\blog\ultimate-guide-mindset-part-18.html"
"182","blog.html","1389","blog/ultimate-guide-mindset-part-18.html","internal","True","E:\gym\abcv-main\abcv-main\blog\ultimate-guide-mindset-part-18.html","E:\gym\abcv-main\abcv-main\blog\ultimate-guide-mindset-part-18.html"
"183","blog.html","1402","blog/ultimate-guide-mindset-part-30.html","internal","True","E:\gym\abcv-main\abcv-main\blog\ultimate-guide-mindset-part-30.html","E:\gym\abcv-main\abcv-main\blog\ultimate-guide-mindset-part-30.html"
"184","blog.html","1405","blog/ultimate-guide-mindset-part-30.html","internal","True","E:\gym\abcv-main\abcv-main\blog\ultimate-guide-mindset-part-30.html","E:\gym\abcv-main\abcv-main\blog\ultimate-guide-mindset-part-30.html"
"185","blog.html","1418","blog/ultimate-guide-mindset-part-4.html","internal","True","E:\gym\abcv-main\abcv-main\blog\ultimate-guide-mindset-part-4.html","E:\gym\abcv-main\abcv-main\blog\ultimate-guide-mindset-part-4.html"
"186","blog.html","1421","blog/ultimate-guide-mindset-part-4.html","internal","True","E:\gym\abcv-main\abcv-main\blog\ultimate-guide-mindset-part-4.html","E:\gym\abcv-main\abcv-main\blog\ultimate-guide-mindset-part-4.html"
"187","blog.html","1434","blog/ultimate-guide-mindset-part-44.html","internal","True","E:\gym\abcv-main\abcv-main\blog\ultimate-guide-mindset-part-44.html","E:\gym\abcv-main\abcv-main\blog\ultimate-guide-mindset-part-44.html"
"188","blog.html","1437","blog/ultimate-guide-mindset-part-44.html","internal","True","E:\gym\abcv-main\abcv-main\blog\ultimate-guide-mindset-part-44.html","E:\gym\abcv-main\abcv-main\blog\ultimate-guide-mindset-part-44.html"
"189","blog.html","1450","blog/ultimate-guide-mindset-part-46.html","internal","True","E:\gym\abcv-main\abcv-main\blog\ultimate-guide-mindset-part-46.html","E:\gym\abcv-main\abcv-main\blog\ultimate-guide-mindset-part-46.html"
"190","blog.html","1453","blog/ultimate-guide-mindset-part-46.html","internal","True","E:\gym\abcv-main\abcv-main\blog\ultimate-guide-mindset-part-46.html","E:\gym\abcv-main\abcv-main\blog\ultimate-guide-mindset-part-46.html"
"191","blog.html","1466","blog/ultimate-guide-mindset-part-52.html","internal","True","E:\gym\abcv-main\abcv-main\blog\ultimate-guide-mindset-part-52.html","E:\gym\abcv-main\abcv-main\blog\ultimate-guide-mindset-part-52.html"
"192","blog.html","1469","blog/ultimate-guide-mindset-part-52.html","internal","True","E:\gym\abcv-main\abcv-main\blog\ultimate-guide-mindset-part-52.html","E:\gym\abcv-main\abcv-main\blog\ultimate-guide-mindset-part-52.html"
"193","blog.html","1482","blog/ultimate-guide-mindset-part-54.html","internal","True","E:\gym\abcv-main\abcv-main\blog\ultimate-guide-mindset-part-54.html","E:\gym\abcv-main\abcv-main\blog\ultimate-guide-mindset-part-54.html"
"194","blog.html","1485","blog/ultimate-guide-mindset-part-54.html","internal","True","E:\gym\abcv-main\abcv-main\blog\ultimate-guide-mindset-part-54.html","E:\gym\abcv-main\abcv-main\blog\ultimate-guide-mindset-part-54.html"
"195","blog.html","1498","blog/ultimate-guide-mindset-part-55.html","internal","True","E:\gym\abcv-main\abcv-main\blog\ultimate-guide-mindset-part-55.html","E:\gym\abcv-main\abcv-main\blog\ultimate-guide-mindset-part-55.html"
"196","blog.html","1501","blog/ultimate-guide-mindset-part-55.html","internal","True","E:\gym\abcv-main\abcv-main\blog\ultimate-guide-mindset-part-55.html","E:\gym\abcv-main\abcv-main\blog\ultimate-guide-mindset-part-55.html"
"197","blog.html","1514","blog/ultimate-guide-mindset-part-7.html","internal","True","E:\gym\abcv-main\abcv-main\blog\ultimate-guide-mindset-part-7.html","E:\gym\abcv-main\abcv-main\blog\ultimate-guide-mindset-part-7.html"
"198","blog.html","1517","blog/ultimate-guide-mindset-part-7.html","internal","True","E:\gym\abcv-main\abcv-main\blog\ultimate-guide-mindset-part-7.html","E:\gym\abcv-main\abcv-main\blog\ultimate-guide-mindset-part-7.html"
"199","blog.html","1530","blog/ultimate-guide-mindset-part-72.html","internal","True","E:\gym\abcv-main\abcv-main\blog\ultimate-guide-mindset-part-72.html","E:\gym\abcv-main\abcv-main\blog\ultimate-guide-mindset-part-72.html"
"200","blog.html","1533","blog/ultimate-guide-mindset-part-72.html","internal","True","E:\gym\abcv-main\abcv-main\blog\ultimate-guide-mindset-part-72.html","E:\gym\abcv-main\abcv-main\blog\ultimate-guide-mindset-part-72.html"
"201","blog.html","1546","blog/ultimate-guide-mindset-part-88.html","internal","True","E:\gym\abcv-main\abcv-main\blog\ultimate-guide-mindset-part-88.html","E:\gym\abcv-main\abcv-main\blog\ultimate-guide-mindset-part-88.html"
"202","blog.html","1549","blog/ultimate-guide-mindset-part-88.html","internal","True","E:\gym\abcv-main\abcv-main\blog\ultimate-guide-mindset-part-88.html","E:\gym\abcv-main\abcv-main\blog\ultimate-guide-mindset-part-88.html"
"203","blog.html","1562","blog/ultimate-guide-mindset-part-94.html","internal","True","E:\gym\abcv-main\abcv-main\blog\ultimate-guide-mindset-part-94.html","E:\gym\abcv-main\abcv-main\blog\ultimate-guide-mindset-part-94.html"
"204","blog.html","1565","blog/ultimate-guide-mindset-part-94.html","internal","True","E:\gym\abcv-main\abcv-main\blog\ultimate-guide-mindset-part-94.html","E:\gym\abcv-main\abcv-main\blog\ultimate-guide-mindset-part-94.html"
"205","blog.html","1578","blog/ultimate-guide-mindset-part-95.html","internal","True","E:\gym\abcv-main\abcv-main\blog\ultimate-guide-mindset-part-95.html","E:\gym\abcv-main\abcv-main\blog\ultimate-guide-mindset-part-95.html"
"206","blog.html","1581","blog/ultimate-guide-mindset-part-95.html","internal","True","E:\gym\abcv-main\abcv-main\blog\ultimate-guide-mindset-part-95.html","E:\gym\abcv-main\abcv-main\blog\ultimate-guide-mindset-part-95.html"
"207","blog.html","1594","blog/ultimate-guide-mindset-part-99.html","internal","True","E:\gym\abcv-main\abcv-main\blog\ultimate-guide-mindset-part-99.html","E:\gym\abcv-main\abcv-main\blog\ultimate-guide-mindset-part-99.html"
"208","blog.html","1597","blog/ultimate-guide-mindset-part-99.html","internal","True","E:\gym\abcv-main\abcv-main\blog\ultimate-guide-mindset-part-99.html","E:\gym\abcv-main\abcv-main\blog\ultimate-guide-mindset-part-99.html"
"209","blog.html","1610","blog/ultimate-guide-muscle-gain-part-19.html","internal","True","E:\gym\abcv-main\abcv-main\blog\ultimate-guide-muscle-gain-part-19.html","E:\gym\abcv-main\abcv-main\blog\ultimate-guide-muscle-gain-part-19.html"
"210","blog.html","1613","blog/ultimate-guide-muscle-gain-part-19.html","internal","True","E:\gym\abcv-main\abcv-main\blog\ultimate-guide-muscle-gain-part-19.html","E:\gym\abcv-main\abcv-main\blog\ultimate-guide-muscle-gain-part-19.html"
"211","blog.html","1626","blog/ultimate-guide-muscle-gain-part-23.html","internal","True","E:\gym\abcv-main\abcv-main\blog\ultimate-guide-muscle-gain-part-23.html","E:\gym\abcv-main\abcv-main\blog\ultimate-guide-muscle-gain-part-23.html"
"212","blog.html","1629","blog/ultimate-guide-muscle-gain-part-23.html","internal","True","E:\gym\abcv-main\abcv-main\blog\ultimate-guide-muscle-gain-part-23.html","E:\gym\abcv-main\abcv-main\blog\ultimate-guide-muscle-gain-part-23.html"
"213","blog.html","1642","blog/ultimate-guide-muscle-gain-part-39.html","internal","True","E:\gym\abcv-main\abcv-main\blog\ultimate-guide-muscle-gain-part-39.html","E:\gym\abcv-main\abcv-main\blog\ultimate-guide-muscle-gain-part-39.html"
"214","blog.html","1645","blog/ultimate-guide-muscle-gain-part-39.html","internal","True","E:\gym\abcv-main\abcv-main\blog\ultimate-guide-muscle-gain-part-39.html","E:\gym\abcv-main\abcv-main\blog\ultimate-guide-muscle-gain-part-39.html"
"215","blog.html","1658","blog/ultimate-guide-muscle-gain-part-51.html","internal","True","E:\gym\abcv-main\abcv-main\blog\ultimate-guide-muscle-gain-part-51.html","E:\gym\abcv-main\abcv-main\blog\ultimate-guide-muscle-gain-part-51.html"
"216","blog.html","1661","blog/ultimate-guide-muscle-gain-part-51.html","internal","True","E:\gym\abcv-main\abcv-main\blog\ultimate-guide-muscle-gain-part-51.html","E:\gym\abcv-main\abcv-main\blog\ultimate-guide-muscle-gain-part-51.html"
"217","blog.html","1674","blog/ultimate-guide-muscle-gain-part-60.html","internal","True","E:\gym\abcv-main\abcv-main\blog\ultimate-guide-muscle-gain-part-60.html","E:\gym\abcv-main\abcv-main\blog\ultimate-guide-muscle-gain-part-60.html"
"218","blog.html","1677","blog/ultimate-guide-muscle-gain-part-60.html","internal","True","E:\gym\abcv-main\abcv-main\blog\ultimate-guide-muscle-gain-part-60.html","E:\gym\abcv-main\abcv-main\blog\ultimate-guide-muscle-gain-part-60.html"
"219","blog.html","1690","blog/ultimate-guide-muscle-gain-part-62.html","internal","True","E:\gym\abcv-main\abcv-main\blog\ultimate-guide-muscle-gain-part-62.html","E:\gym\abcv-main\abcv-main\blog\ultimate-guide-muscle-gain-part-62.html"
"220","blog.html","1693","blog/ultimate-guide-muscle-gain-part-62.html","internal","True","E:\gym\abcv-main\abcv-main\blog\ultimate-guide-muscle-gain-part-62.html","E:\gym\abcv-main\abcv-main\blog\ultimate-guide-muscle-gain-part-62.html"
"221","blog.html","1706","blog/ultimate-guide-muscle-gain-part-64.html","internal","True","E:\gym\abcv-main\abcv-main\blog\ultimate-guide-muscle-gain-part-64.html","E:\gym\abcv-main\abcv-main\blog\ultimate-guide-muscle-gain-part-64.html"
"222","blog.html","1709","blog/ultimate-guide-muscle-gain-part-64.html","internal","True","E:\gym\abcv-main\abcv-main\blog\ultimate-guide-muscle-gain-part-64.html","E:\gym\abcv-main\abcv-main\blog\ultimate-guide-muscle-gain-part-64.html"
"223","blog.html","1722","blog/ultimate-guide-muscle-gain-part-65.html","internal","True","E:\gym\abcv-main\abcv-main\blog\ultimate-guide-muscle-gain-part-65.html","E:\gym\abcv-main\abcv-main\blog\ultimate-guide-muscle-gain-part-65.html"
"224","blog.html","1725","blog/ultimate-guide-muscle-gain-part-65.html","internal","True","E:\gym\abcv-main\abcv-main\blog\ultimate-guide-muscle-gain-part-65.html","E:\gym\abcv-main\abcv-main\blog\ultimate-guide-muscle-gain-part-65.html"
"225","blog.html","1738","blog/ultimate-guide-muscle-gain-part-81.html","internal","True","E:\gym\abcv-main\abcv-main\blog\ultimate-guide-muscle-gain-part-81.html","E:\gym\abcv-main\abcv-main\blog\ultimate-guide-muscle-gain-part-81.html"
"226","blog.html","1741","blog/ultimate-guide-muscle-gain-part-81.html","internal","True","E:\gym\abcv-main\abcv-main\blog\ultimate-guide-muscle-gain-part-81.html","E:\gym\abcv-main\abcv-main\blog\ultimate-guide-muscle-gain-part-81.html"
"227","blog.html","1754","blog/ultimate-guide-muscle-gain-part-83.html","internal","True","E:\gym\abcv-main\abcv-main\blog\ultimate-guide-muscle-gain-part-83.html","E:\gym\abcv-main\abcv-main\blog\ultimate-guide-muscle-gain-part-83.html"
"228","blog.html","1757","blog/ultimate-guide-muscle-gain-part-83.html","internal","True","E:\gym\abcv-main\abcv-main\blog\ultimate-guide-muscle-gain-part-83.html","E:\gym\abcv-main\abcv-main\blog\ultimate-guide-muscle-gain-part-83.html"
"229","blog.html","1770","blog/ultimate-guide-muscle-gain-part-96.html","internal","True","E:\gym\abcv-main\abcv-main\blog\ultimate-guide-muscle-gain-part-96.html","E:\gym\abcv-main\abcv-main\blog\ultimate-guide-muscle-gain-part-96.html"
"230","blog.html","1773","blog/ultimate-guide-muscle-gain-part-96.html","internal","True","E:\gym\abcv-main\abcv-main\blog\ultimate-guide-muscle-gain-part-96.html","E:\gym\abcv-main\abcv-main\blog\ultimate-guide-muscle-gain-part-96.html"
"231","blog.html","1786","blog/ultimate-guide-nutrition-part-21.html","internal","True","E:\gym\abcv-main\abcv-main\blog\ultimate-guide-nutrition-part-21.html","E:\gym\abcv-main\abcv-main\blog\ultimate-guide-nutrition-part-21.html"
"232","blog.html","1789","blog/ultimate-guide-nutrition-part-21.html","internal","True","E:\gym\abcv-main\abcv-main\blog\ultimate-guide-nutrition-part-21.html","E:\gym\abcv-main\abcv-main\blog\ultimate-guide-nutrition-part-21.html"
"233","blog.html","1802","blog/ultimate-guide-nutrition-part-26.html","internal","True","E:\gym\abcv-main\abcv-main\blog\ultimate-guide-nutrition-part-26.html","E:\gym\abcv-main\abcv-main\blog\ultimate-guide-nutrition-part-26.html"
"234","blog.html","1805","blog/ultimate-guide-nutrition-part-26.html","internal","True","E:\gym\abcv-main\abcv-main\blog\ultimate-guide-nutrition-part-26.html","E:\gym\abcv-main\abcv-main\blog\ultimate-guide-nutrition-part-26.html"
"235","blog.html","1818","blog/ultimate-guide-nutrition-part-31.html","internal","True","E:\gym\abcv-main\abcv-main\blog\ultimate-guide-nutrition-part-31.html","E:\gym\abcv-main\abcv-main\blog\ultimate-guide-nutrition-part-31.html"
"236","blog.html","1821","blog/ultimate-guide-nutrition-part-31.html","internal","True","E:\gym\abcv-main\abcv-main\blog\ultimate-guide-nutrition-part-31.html","E:\gym\abcv-main\abcv-main\blog\ultimate-guide-nutrition-part-31.html"
"237","blog.html","1834","blog/ultimate-guide-nutrition-part-33.html","internal","True","E:\gym\abcv-main\abcv-main\blog\ultimate-guide-nutrition-part-33.html","E:\gym\abcv-main\abcv-main\blog\ultimate-guide-nutrition-part-33.html"
"238","blog.html","1837","blog/ultimate-guide-nutrition-part-33.html","internal","True","E:\gym\abcv-main\abcv-main\blog\ultimate-guide-nutrition-part-33.html","E:\gym\abcv-main\abcv-main\blog\ultimate-guide-nutrition-part-33.html"
"239","blog.html","1850","blog/ultimate-guide-nutrition-part-36.html","internal","True","E:\gym\abcv-main\abcv-main\blog\ultimate-guide-nutrition-part-36.html","E:\gym\abcv-main\abcv-main\blog\ultimate-guide-nutrition-part-36.html"
"240","blog.html","1853","blog/ultimate-guide-nutrition-part-36.html","internal","True","E:\gym\abcv-main\abcv-main\blog\ultimate-guide-nutrition-part-36.html","E:\gym\abcv-main\abcv-main\blog\ultimate-guide-nutrition-part-36.html"
"241","blog.html","1866","blog/ultimate-guide-nutrition-part-43.html","internal","True","E:\gym\abcv-main\abcv-main\blog\ultimate-guide-nutrition-part-43.html","E:\gym\abcv-main\abcv-main\blog\ultimate-guide-nutrition-part-43.html"
"242","blog.html","1869","blog/ultimate-guide-nutrition-part-43.html","internal","True","E:\gym\abcv-main\abcv-main\blog\ultimate-guide-nutrition-part-43.html","E:\gym\abcv-main\abcv-main\blog\ultimate-guide-nutrition-part-43.html"
"243","blog.html","1882","blog/ultimate-guide-nutrition-part-5.html","internal","True","E:\gym\abcv-main\abcv-main\blog\ultimate-guide-nutrition-part-5.html","E:\gym\abcv-main\abcv-main\blog\ultimate-guide-nutrition-part-5.html"
"244","blog.html","1885","blog/ultimate-guide-nutrition-part-5.html","internal","True","E:\gym\abcv-main\abcv-main\blog\ultimate-guide-nutrition-part-5.html","E:\gym\abcv-main\abcv-main\blog\ultimate-guide-nutrition-part-5.html"
"245","blog.html","1898","blog/ultimate-guide-nutrition-part-68.html","internal","True","E:\gym\abcv-main\abcv-main\blog\ultimate-guide-nutrition-part-68.html","E:\gym\abcv-main\abcv-main\blog\ultimate-guide-nutrition-part-68.html"
"246","blog.html","1901","blog/ultimate-guide-nutrition-part-68.html","internal","True","E:\gym\abcv-main\abcv-main\blog\ultimate-guide-nutrition-part-68.html","E:\gym\abcv-main\abcv-main\blog\ultimate-guide-nutrition-part-68.html"
"247","blog.html","1914","blog/ultimate-guide-nutrition-part-77.html","internal","True","E:\gym\abcv-main\abcv-main\blog\ultimate-guide-nutrition-part-77.html","E:\gym\abcv-main\abcv-main\blog\ultimate-guide-nutrition-part-77.html"
"248","blog.html","1917","blog/ultimate-guide-nutrition-part-77.html","internal","True","E:\gym\abcv-main\abcv-main\blog\ultimate-guide-nutrition-part-77.html","E:\gym\abcv-main\abcv-main\blog\ultimate-guide-nutrition-part-77.html"
"249","blog.html","1930","blog/ultimate-guide-nutrition-part-82.html","internal","True","E:\gym\abcv-main\abcv-main\blog\ultimate-guide-nutrition-part-82.html","E:\gym\abcv-main\abcv-main\blog\ultimate-guide-nutrition-part-82.html"
"250","blog.html","1933","blog/ultimate-guide-nutrition-part-82.html","internal","True","E:\gym\abcv-main\abcv-main\blog\ultimate-guide-nutrition-part-82.html","E:\gym\abcv-main\abcv-main\blog\ultimate-guide-nutrition-part-82.html"
"251","blog.html","1946","blog/ultimate-guide-recovery-part-15.html","internal","True","E:\gym\abcv-main\abcv-main\blog\ultimate-guide-recovery-part-15.html","E:\gym\abcv-main\abcv-main\blog\ultimate-guide-recovery-part-15.html"
"252","blog.html","1949","blog/ultimate-guide-recovery-part-15.html","internal","True","E:\gym\abcv-main\abcv-main\blog\ultimate-guide-recovery-part-15.html","E:\gym\abcv-main\abcv-main\blog\ultimate-guide-recovery-part-15.html"
"253","blog.html","1962","blog/ultimate-guide-recovery-part-16.html","internal","True","E:\gym\abcv-main\abcv-main\blog\ultimate-guide-recovery-part-16.html","E:\gym\abcv-main\abcv-main\blog\ultimate-guide-recovery-part-16.html"
"254","blog.html","1965","blog/ultimate-guide-recovery-part-16.html","internal","True","E:\gym\abcv-main\abcv-main\blog\ultimate-guide-recovery-part-16.html","E:\gym\abcv-main\abcv-main\blog\ultimate-guide-recovery-part-16.html"
"255","blog.html","1978","blog/ultimate-guide-recovery-part-17.html","internal","True","E:\gym\abcv-main\abcv-main\blog\ultimate-guide-recovery-part-17.html","E:\gym\abcv-main\abcv-main\blog\ultimate-guide-recovery-part-17.html"
"256","blog.html","1981","blog/ultimate-guide-recovery-part-17.html","internal","True","E:\gym\abcv-main\abcv-main\blog\ultimate-guide-recovery-part-17.html","E:\gym\abcv-main\abcv-main\blog\ultimate-guide-recovery-part-17.html"
"257","blog.html","1994","blog/ultimate-guide-recovery-part-22.html","internal","True","E:\gym\abcv-main\abcv-main\blog\ultimate-guide-recovery-part-22.html","E:\gym\abcv-main\abcv-main\blog\ultimate-guide-recovery-part-22.html"
"258","blog.html","1997","blog/ultimate-guide-recovery-part-22.html","internal","True","E:\gym\abcv-main\abcv-main\blog\ultimate-guide-recovery-part-22.html","E:\gym\abcv-main\abcv-main\blog\ultimate-guide-recovery-part-22.html"
"259","blog.html","2010","blog/ultimate-guide-recovery-part-3.html","internal","True","E:\gym\abcv-main\abcv-main\blog\ultimate-guide-recovery-part-3.html","E:\gym\abcv-main\abcv-main\blog\ultimate-guide-recovery-part-3.html"
"260","blog.html","2013","blog/ultimate-guide-recovery-part-3.html","internal","True","E:\gym\abcv-main\abcv-main\blog\ultimate-guide-recovery-part-3.html","E:\gym\abcv-main\abcv-main\blog\ultimate-guide-recovery-part-3.html"
"261","blog.html","2026","blog/ultimate-guide-recovery-part-58.html","internal","True","E:\gym\abcv-main\abcv-main\blog\ultimate-guide-recovery-part-58.html","E:\gym\abcv-main\abcv-main\blog\ultimate-guide-recovery-part-58.html"
"262","blog.html","2029","blog/ultimate-guide-recovery-part-58.html","internal","True","E:\gym\abcv-main\abcv-main\blog\ultimate-guide-recovery-part-58.html","E:\gym\abcv-main\abcv-main\blog\ultimate-guide-recovery-part-58.html"
"263","blog.html","2042","blog/ultimate-guide-recovery-part-59.html","internal","True","E:\gym\abcv-main\abcv-main\blog\ultimate-guide-recovery-part-59.html","E:\gym\abcv-main\abcv-main\blog\ultimate-guide-recovery-part-59.html"
"264","blog.html","2045","blog/ultimate-guide-recovery-part-59.html","internal","True","E:\gym\abcv-main\abcv-main\blog\ultimate-guide-recovery-part-59.html","E:\gym\abcv-main\abcv-main\blog\ultimate-guide-recovery-part-59.html"
"265","blog.html","2058","blog/ultimate-guide-recovery-part-79.html","internal","True","E:\gym\abcv-main\abcv-main\blog\ultimate-guide-recovery-part-79.html","E:\gym\abcv-main\abcv-main\blog\ultimate-guide-recovery-part-79.html"
"266","blog.html","2061","blog/ultimate-guide-recovery-part-79.html","internal","True","E:\gym\abcv-main\abcv-main\blog\ultimate-guide-recovery-part-79.html","E:\gym\abcv-main\abcv-main\blog\ultimate-guide-recovery-part-79.html"
"267","blog.html","2074","blog/ultimate-guide-recovery-part-86.html","internal","True","E:\gym\abcv-main\abcv-main\blog\ultimate-guide-recovery-part-86.html","E:\gym\abcv-main\abcv-main\blog\ultimate-guide-recovery-part-86.html"
"268","blog.html","2077","blog/ultimate-guide-recovery-part-86.html","internal","True","E:\gym\abcv-main\abcv-main\blog\ultimate-guide-recovery-part-86.html","E:\gym\abcv-main\abcv-main\blog\ultimate-guide-recovery-part-86.html"
"269","blog.html","2090","blog/ultimate-guide-recovery-part-89.html","internal","True","E:\gym\abcv-main\abcv-main\blog\ultimate-guide-recovery-part-89.html","E:\gym\abcv-main\abcv-main\blog\ultimate-guide-recovery-part-89.html"
"270","blog.html","2093","blog/ultimate-guide-recovery-part-89.html","internal","True","E:\gym\abcv-main\abcv-main\blog\ultimate-guide-recovery-part-89.html","E:\gym\abcv-main\abcv-main\blog\ultimate-guide-recovery-part-89.html"
"271","blog.html","2106","blog/ultimate-guide-recovery-part-90.html","internal","True","E:\gym\abcv-main\abcv-main\blog\ultimate-guide-recovery-part-90.html","E:\gym\abcv-main\abcv-main\blog\ultimate-guide-recovery-part-90.html"
"272","blog.html","2109","blog/ultimate-guide-recovery-part-90.html","internal","True","E:\gym\abcv-main\abcv-main\blog\ultimate-guide-recovery-part-90.html","E:\gym\abcv-main\abcv-main\blog\ultimate-guide-recovery-part-90.html"
"273","blog.html","2122","blog/ultimate-guide-strength-training-part-100.html","internal","True","E:\gym\abcv-main\abcv-main\blog\ultimate-guide-strength-training-part-100.html","E:\gym\abcv-main\abcv-main\blog\ultimate-guide-strength-training-part-100.html"
"274","blog.html","2125","blog/ultimate-guide-strength-training-part-100.html","internal","True","E:\gym\abcv-main\abcv-main\blog\ultimate-guide-strength-training-part-100.html","E:\gym\abcv-main\abcv-main\blog\ultimate-guide-strength-training-part-100.html"
"275","blog.html","2138","blog/ultimate-guide-strength-training-part-14.html","internal","True","E:\gym\abcv-main\abcv-main\blog\ultimate-guide-strength-training-part-14.html","E:\gym\abcv-main\abcv-main\blog\ultimate-guide-strength-training-part-14.html"
"276","blog.html","2141","blog/ultimate-guide-strength-training-part-14.html","internal","True","E:\gym\abcv-main\abcv-main\blog\ultimate-guide-strength-training-part-14.html","E:\gym\abcv-main\abcv-main\blog\ultimate-guide-strength-training-part-14.html"
"277","blog.html","2154","blog/ultimate-guide-strength-training-part-2.html","internal","True","E:\gym\abcv-main\abcv-main\blog\ultimate-guide-strength-training-part-2.html","E:\gym\abcv-main\abcv-main\blog\ultimate-guide-strength-training-part-2.html"
"278","blog.html","2157","blog/ultimate-guide-strength-training-part-2.html","internal","True","E:\gym\abcv-main\abcv-main\blog\ultimate-guide-strength-training-part-2.html","E:\gym\abcv-main\abcv-main\blog\ultimate-guide-strength-training-part-2.html"
"279","blog.html","2170","blog/ultimate-guide-strength-training-part-25.html","internal","True","E:\gym\abcv-main\abcv-main\blog\ultimate-guide-strength-training-part-25.html","E:\gym\abcv-main\abcv-main\blog\ultimate-guide-strength-training-part-25.html"
"280","blog.html","2173","blog/ultimate-guide-strength-training-part-25.html","internal","True","E:\gym\abcv-main\abcv-main\blog\ultimate-guide-strength-training-part-25.html","E:\gym\abcv-main\abcv-main\blog\ultimate-guide-strength-training-part-25.html"
"281","blog.html","2186","blog/ultimate-guide-strength-training-part-32.html","internal","True","E:\gym\abcv-main\abcv-main\blog\ultimate-guide-strength-training-part-32.html","E:\gym\abcv-main\abcv-main\blog\ultimate-guide-strength-training-part-32.html"
"282","blog.html","2189","blog/ultimate-guide-strength-training-part-32.html","internal","True","E:\gym\abcv-main\abcv-main\blog\ultimate-guide-strength-training-part-32.html","E:\gym\abcv-main\abcv-main\blog\ultimate-guide-strength-training-part-32.html"
"283","blog.html","2202","blog/ultimate-guide-strength-training-part-35.html","internal","True","E:\gym\abcv-main\abcv-main\blog\ultimate-guide-strength-training-part-35.html","E:\gym\abcv-main\abcv-main\blog\ultimate-guide-strength-training-part-35.html"
"284","blog.html","2205","blog/ultimate-guide-strength-training-part-35.html","internal","True","E:\gym\abcv-main\abcv-main\blog\ultimate-guide-strength-training-part-35.html","E:\gym\abcv-main\abcv-main\blog\ultimate-guide-strength-training-part-35.html"
"285","blog.html","2218","blog/ultimate-guide-strength-training-part-48.html","internal","True","E:\gym\abcv-main\abcv-main\blog\ultimate-guide-strength-training-part-48.html","E:\gym\abcv-main\abcv-main\blog\ultimate-guide-strength-training-part-48.html"
"286","blog.html","2221","blog/ultimate-guide-strength-training-part-48.html","internal","True","E:\gym\abcv-main\abcv-main\blog\ultimate-guide-strength-training-part-48.html","E:\gym\abcv-main\abcv-main\blog\ultimate-guide-strength-training-part-48.html"
"287","blog.html","2234","blog/ultimate-guide-strength-training-part-70.html","internal","True","E:\gym\abcv-main\abcv-main\blog\ultimate-guide-strength-training-part-70.html","E:\gym\abcv-main\abcv-main\blog\ultimate-guide-strength-training-part-70.html"
"288","blog.html","2237","blog/ultimate-guide-strength-training-part-70.html","internal","True","E:\gym\abcv-main\abcv-main\blog\ultimate-guide-strength-training-part-70.html","E:\gym\abcv-main\abcv-main\blog\ultimate-guide-strength-training-part-70.html"
"289","blog.html","2250","blog/ultimate-guide-strength-training-part-78.html","internal","True","E:\gym\abcv-main\abcv-main\blog\ultimate-guide-strength-training-part-78.html","E:\gym\abcv-main\abcv-main\blog\ultimate-guide-strength-training-part-78.html"
"290","blog.html","2253","blog/ultimate-guide-strength-training-part-78.html","internal","True","E:\gym\abcv-main\abcv-main\blog\ultimate-guide-strength-training-part-78.html","E:\gym\abcv-main\abcv-main\blog\ultimate-guide-strength-training-part-78.html"
"291","blog.html","2266","blog/ultimate-guide-strength-training-part-84.html","internal","True","E:\gym\abcv-main\abcv-main\blog\ultimate-guide-strength-training-part-84.html","E:\gym\abcv-main\abcv-main\blog\ultimate-guide-strength-training-part-84.html"
"292","blog.html","2269","blog/ultimate-guide-strength-training-part-84.html","internal","True","E:\gym\abcv-main\abcv-main\blog\ultimate-guide-strength-training-part-84.html","E:\gym\abcv-main\abcv-main\blog\ultimate-guide-strength-training-part-84.html"
"293","blog.html","2282","blog/ultimate-guide-strength-training-part-91.html","internal","True","E:\gym\abcv-main\abcv-main\blog\ultimate-guide-strength-training-part-91.html","E:\gym\abcv-main\abcv-main\blog\ultimate-guide-strength-training-part-91.html"
"294","blog.html","2285","blog/ultimate-guide-strength-training-part-91.html","internal","True","E:\gym\abcv-main\abcv-main\blog\ultimate-guide-strength-training-part-91.html","E:\gym\abcv-main\abcv-main\blog\ultimate-guide-strength-training-part-91.html"
"295","blog.html","2298","blog/ultimate-guide-supplements-part-1.html","internal","True","E:\gym\abcv-main\abcv-main\blog\ultimate-guide-supplements-part-1.html","E:\gym\abcv-main\abcv-main\blog\ultimate-guide-supplements-part-1.html"
"296","blog.html","2301","blog/ultimate-guide-supplements-part-1.html","internal","True","E:\gym\abcv-main\abcv-main\blog\ultimate-guide-supplements-part-1.html","E:\gym\abcv-main\abcv-main\blog\ultimate-guide-supplements-part-1.html"
"297","blog.html","2314","blog/ultimate-guide-supplements-part-61.html","internal","True","E:\gym\abcv-main\abcv-main\blog\ultimate-guide-supplements-part-61.html","E:\gym\abcv-main\abcv-main\blog\ultimate-guide-supplements-part-61.html"
"298","blog.html","2317","blog/ultimate-guide-supplements-part-61.html","internal","True","E:\gym\abcv-main\abcv-main\blog\ultimate-guide-supplements-part-61.html","E:\gym\abcv-main\abcv-main\blog\ultimate-guide-supplements-part-61.html"
"299","blog.html","2330","blog/ultimate-guide-supplements-part-8.html","internal","True","E:\gym\abcv-main\abcv-main\blog\ultimate-guide-supplements-part-8.html","E:\gym\abcv-main\abcv-main\blog\ultimate-guide-supplements-part-8.html"
"300","blog.html","2333","blog/ultimate-guide-supplements-part-8.html","internal","True","E:\gym\abcv-main\abcv-main\blog\ultimate-guide-supplements-part-8.html","E:\gym\abcv-main\abcv-main\blog\ultimate-guide-supplements-part-8.html"
"301","blog.html","2346","blog/ultimate-guide-supplements-part-85.html","internal","True","E:\gym\abcv-main\abcv-main\blog\ultimate-guide-supplements-part-85.html","E:\gym\abcv-main\abcv-main\blog\ultimate-guide-supplements-part-85.html"
"302","blog.html","2349","blog/ultimate-guide-supplements-part-85.html","internal","True","E:\gym\abcv-main\abcv-main\blog\ultimate-guide-supplements-part-85.html","E:\gym\abcv-main\abcv-main\blog\ultimate-guide-supplements-part-85.html"
"303","blog.html","2362","blog/ultimate-guide-supplements-part-92.html","internal","True","E:\gym\abcv-main\abcv-main\blog\ultimate-guide-supplements-part-92.html","E:\gym\abcv-main\abcv-main\blog\ultimate-guide-supplements-part-92.html"
"304","blog.html","2365","blog/ultimate-guide-supplements-part-92.html","internal","True","E:\gym\abcv-main\abcv-main\blog\ultimate-guide-supplements-part-92.html","E:\gym\abcv-main\abcv-main\blog\ultimate-guide-supplements-part-92.html"
"305","blog.html","2378","blog/understanding-doms.html","internal","True","E:\gym\abcv-main\abcv-main\blog\understanding-doms.html","E:\gym\abcv-main\abcv-main\blog\understanding-doms.html"
"306","blog.html","2381","blog/understanding-doms.html","internal","True","E:\gym\abcv-main\abcv-main\blog\understanding-doms.html","E:\gym\abcv-main\abcv-main\blog\understanding-doms.html"
"307","blog.html","2394","blog/vegetarian-athlete-protein.html","internal","True","E:\gym\abcv-main\abcv-main\blog\vegetarian-athlete-protein.html","E:\gym\abcv-main\abcv-main\blog\vegetarian-athlete-protein.html"
"308","blog.html","2397","blog/vegetarian-athlete-protein.html","internal","True","E:\gym\abcv-main\abcv-main\blog\vegetarian-athlete-protein.html","E:\gym\abcv-main\abcv-main\blog\vegetarian-athlete-protein.html"
"309","blog.html","2410","blog/yoga-for-weightlifters.html","internal","True","E:\gym\abcv-main\abcv-main\blog\yoga-for-weightlifters.html","E:\gym\abcv-main\abcv-main\blog\yoga-for-weightlifters.html"
"310","blog.html","2413","blog/yoga-for-weightlifters.html","internal","True","E:\gym\abcv-main\abcv-main\blog\yoga-for-weightlifters.html","E:\gym\abcv-main\abcv-main\blog\yoga-for-weightlifters.html"
"311","blog.html","181","../layout.js","internal","False","E:\gym\abcv-main\layout.js","E:\gym\abcv-main\layout.js"
"312","blog.html","190","js/ads.min.js","internal","True","E:\gym\abcv-main\abcv-main\js\ads.min.js","E:\gym\abcv-main\abcv-main\js\ads.min.js"
"313","blog.html","195","https://www.googletagmanager.com/gtag/js?id=G-J3YYRQ301T","external","False","",""
"314","about.html","4","https://gymtranning.com/about.html","external","False","",""
"315","about.html","6","/favicon.ico","internal","True","E:\gym\abcv-main\abcv-main\favicon.ico","E:\gym\abcv-main\abcv-main\favicon.ico"
"316","about.html","11","https://gymtranning.com/og-image.jpg","external","False","",""
"317","about.html","34","https://fonts.googleapis.com","external","False","",""
"318","about.html","35","https://fonts.gstatic.com","external","False","",""
"319","about.html","36","https://fonts.googleapis.com/css2?family=Poppins:wght@300;400;500;600;700&amp;family=Montserrat:wght@600;700;800&amp;display=swap","external","False","",""
"320","about.html","38","css/tailwind.min.css","internal","True","E:\gym\abcv-main\abcv-main\css\tailwind.min.css","E:\gym\abcv-main\abcv-main\css\tailwind.min.css"
"321","about.html","39","https://cdnjs.cloudflare.com/ajax/libs/font-awesome/6.4.0/css/all.min.css","external","False","",""
"322","about.html","166","https://cdnjs.cloudflare.com","external","False","",""
"323","about.html","167","https://cdn.jsdelivr.net","external","False","",""
"324","about.html","168","https://www.googletagmanager.com","external","False","",""
"325","about.html","266","#main-content","anchor","False","",""
"326","about.html","306","/top-5-chest-exercises-for-muscle-growth.html","internal","True","E:\gym\abcv-main\abcv-main\top-5-chest-exercises-for-muscle-growth.html","E:\gym\abcv-main\abcv-main\top-5-chest-exercises-for-muscle-growth.html"
"327","about.html","307","/top-7-back-exercises-for-muscle-growth.html","internal","True","E:\gym\abcv-main\abcv-main\top-7-back-exercises-for-muscle-growth.html","E:\gym\abcv-main\abcv-main\top-7-back-exercises-for-muscle-growth.html"
"328","about.html","308","/top-5-bicep-exercises-for-muscle-growth.html","internal","True","E:\gym\abcv-main\abcv-main\top-5-bicep-exercises-for-muscle-growth.html","E:\gym\abcv-main\abcv-main\top-5-bicep-exercises-for-muscle-growth.html"
"329","about.html","393","/blog.html","internal","True","E:\gym\abcv-main\abcv-main\blog.html","E:\gym\abcv-main\abcv-main\blog.html"
"330","about.html","395","/contact.html","internal","True","E:\gym\abcv-main\abcv-main\contact.html","E:\gym\abcv-main\abcv-main\contact.html"
"331","about.html","156","layout.js","internal","True","E:\gym\abcv-main\abcv-main\layout.js","E:\gym\abcv-main\abcv-main\layout.js"
"332","about.html","165","js/ads.min.js","internal","True","E:\gym\abcv-main\abcv-main\js\ads.min.js","E:\gym\abcv-main\abcv-main\js\ads.min.js"
"333","about.html","170","https://www.googletagmanager.com/gtag/js?id=G-J3YYRQ301T","external","False","",""
"334","contact.html","4","https://gymtranning.com/contact.html","external","False","",""
"335","contact.html","6","/favicon.ico","internal","True","E:\gym\abcv-main\abcv-main\favicon.ico","E:\gym\abcv-main\abcv-main\favicon.ico"
"336","contact.html","11","https://gymtranning.com/og-image.jpg","external","False","",""
"337","contact.html","33","https://fonts.googleapis.com","external","False","",""
"338","contact.html","34","https://fonts.gstatic.com","external","False","",""
"339","contact.html","35","https://fonts.googleapis.com/css2?family=Poppins:wght@300;400;500;600;700&amp;family=Montserrat:wght@600;700;800&amp;display=swap","external","False","",""
"340","contact.html","37","css/tailwind.min.css","internal","True","E:\gym\abcv-main\abcv-main\css\tailwind.min.css","E:\gym\abcv-main\abcv-main\css\tailwind.min.css"
"341","contact.html","39","https://fonts.googleapis.com/css2?family=Poppins:wght@300;400;500;600;700&amp;family=Montserrat:wght@600;700;800&amp;display=swap","external","False","",""
"342","contact.html","41","https://cdnjs.cloudflare.com/ajax/libs/font-awesome/6.4.0/css/all.min.css","external","False","",""
"343","contact.html","402","https://cdnjs.cloudflare.com","external","False","",""
"344","contact.html","403","https://cdn.jsdelivr.net","external","False","",""
"345","contact.html","404","https://www.googletagmanager.com","external","False","",""
"346","contact.html","502","#main-content","anchor","False","",""
"347","contact.html","548","https://formspree.io/f/your_form_id","external","False","",""
"348","contact.html","630","/caloriecalculator.html","internal","True","E:\gym\abcv-main\abcv-main\caloriecalculator.html","E:\gym\abcv-main\abcv-main\caloriecalculator.html"
"349","contact.html","630","/dietplanner.html","internal","True","E:\gym\abcv-main\abcv-main\dietplanner.html","E:\gym\abcv-main\abcv-main\dietplanner.html"
"350","contact.html","630","/workoutplanner.html","internal","True","E:\gym\abcv-main\abcv-main\workoutplanner.html","E:\gym\abcv-main\abcv-main\workoutplanner.html"
"351","contact.html","630","/faq.html","internal","True","E:\gym\abcv-main\abcv-main\faq.html","E:\gym\abcv-main\abcv-main\faq.html"
"352","contact.html","646","/editorial-policy.html","internal","True","E:\gym\abcv-main\abcv-main\editorial-policy.html","E:\gym\abcv-main\abcv-main\editorial-policy.html"
"353","contact.html","647","/affiliate-disclosure.html","internal","True","E:\gym\abcv-main\abcv-main\affiliate-disclosure.html","E:\gym\abcv-main\abcv-main\affiliate-disclosure.html"
"354","contact.html","648","/privacy.html","internal","True","E:\gym\abcv-main\abcv-main\privacy.html","E:\gym\abcv-main\abcv-main\privacy.html"
"355","contact.html","649","/terms_of_service.html","internal","True","E:\gym\abcv-main\abcv-main\terms_of_service.html","E:\gym\abcv-main\abcv-main\terms_of_service.html"
"356","contact.html","652","/","internal","True","E:\gym\abcv-main\abcv-main\","E:\gym\abcv-main\abcv-main\"
"357","contact.html","401","js/ads.min.js","internal","True","E:\gym\abcv-main\abcv-main\js\ads.min.js","E:\gym\abcv-main\abcv-main\js\ads.min.js"
"358","contact.html","406","https://www.googletagmanager.com/gtag/js?id=G-J3YYRQ301T","external","False","",""
"359","contact.html","658","layout.js","internal","True","E:\gym\abcv-main\abcv-main\layout.js","E:\gym\abcv-main\abcv-main\layout.js"
"360","nutrition.html","10","https://gymtranning.com/nutrition.html","external","False","",""
"361","nutrition.html","11","/favicon.ico","internal","True","E:\gym\abcv-main\abcv-main\favicon.ico","E:\gym\abcv-main\abcv-main\favicon.ico"
"362","nutrition.html","13","https://fonts.googleapis.com","external","False","",""
"363","nutrition.html","14","https://fonts.gstatic.com","external","False","",""
"364","nutrition.html","15","https://cdnjs.cloudflare.com","external","False","",""
"365","nutrition.html","16","https://cdn.jsdelivr.net","external","False","",""
"366","nutrition.html","17","https://www.googletagmanager.com","external","False","",""
"367","nutrition.html","18","https://gymtranning.com/og-image.jpg","external","False","",""
"368","nutrition.html","62","https://fonts.googleapis.com/css2?family=Poppins:wght@300;400;500;600;700&amp;family=Montserrat:wght@600;700;800&amp;display=swap","external","False","",""
"369","nutrition.html","64","css/tailwind.min.css","internal","True","E:\gym\abcv-main\abcv-main\css\tailwind.min.css","E:\gym\abcv-main\abcv-main\css\tailwind.min.css"
"370","nutrition.html","66","https://cdn.jsdelivr.net/npm/bootstrap@5.3.0/dist/css/bootstrap.min.css","external","False","",""
"371","nutrition.html","68","https://cdnjs.cloudflare.com/ajax/libs/font-awesome/6.4.0/css/all.min.css","external","False","",""
"372","nutrition.html","633","#main-content","anchor","False","",""
"373","nutrition.html","860","workoutplanner.html","internal","True","E:\gym\abcv-main\abcv-main\workoutplanner.html","E:\gym\abcv-main\abcv-main\workoutplanner.html"
"374","nutrition.html","861","dietplanner.html","internal","True","E:\gym\abcv-main\abcv-main\dietplanner.html","E:\gym\abcv-main\abcv-main\dietplanner.html"
"375","nutrition.html","862","caloriecalculator.html","internal","True","E:\gym\abcv-main\abcv-main\caloriecalculator.html","E:\gym\abcv-main\abcv-main\caloriecalculator.html"
"376","nutrition.html","863","nutrition.html","internal","True","E:\gym\abcv-main\abcv-main\nutrition.html","E:\gym\abcv-main\abcv-main\nutrition.html"
"377","nutrition.html","864","gym-empire-arcade.html","internal","True","E:\gym\abcv-main\abcv-main\gym-empire-arcade.html","E:\gym\abcv-main\abcv-main\gym-empire-arcade.html"
"378","nutrition.html","865","about.html","internal","True","E:\gym\abcv-main\abcv-main\about.html","E:\gym\abcv-main\abcv-main\about.html"
"379","nutrition.html","866","faq.html","internal","True","E:\gym\abcv-main\abcv-main\faq.html","E:\gym\abcv-main\abcv-main\faq.html"
"380","nutrition.html","40","https://www.googletagmanager.com/gtag/js?id=G-J3YYRQ301T","external","False","",""
"381","nutrition.html","70","https://cdnjs.cloudflare.com/ajax/libs/jspdf/2.5.1/jspdf.umd.min.js","external","False","",""
"382","nutrition.html","71","https://cdnjs.cloudflare.com/ajax/libs/html2canvas/1.4.1/html2canvas.min.js","external","False","",""
"383","nutrition.html","72","layout.js","internal","True","E:\gym\abcv-main\abcv-main\layout.js","E:\gym\abcv-main\abcv-main\layout.js"
"384","nutrition.html","73","js/ads.min.js","internal","True","E:\gym\abcv-main\abcv-main\js\ads.min.js","E:\gym\abcv-main\abcv-main\js\ads.min.js"
"385","nutrition.html","872","https://cdn.jsdelivr.net/npm/bootstrap@5.3.0/dist/js/bootstrap.bundle.min.js","external","False","",""
"386","workoutplanner.html","25","https://gymtranning.com/workoutplanner.html","external","False","",""
"387","workoutplanner.html","30","/favicon.ico","internal","True","E:\gym\abcv-main\abcv-main\favicon.ico","E:\gym\abcv-main\abcv-main\favicon.ico"
"388","workoutplanner.html","51","https://fonts.googleapis.com","external","False","",""
"389","workoutplanner.html","52","https://fonts.gstatic.com","external","False","",""
"390","workoutplanner.html","53","https://cdnjs.cloudflare.com","external","False","",""
"391","workoutplanner.html","54","https://cdn.jsdelivr.net","external","False","",""
"392","workoutplanner.html","55","https://www.googletagmanager.com","external","False","",""
"393","workoutplanner.html","59","css/tailwind.min.css","internal","True","E:\gym\abcv-main\abcv-main\css\tailwind.min.css","E:\gym\abcv-main\abcv-main\css\tailwind.min.css"
"394","workoutplanner.html","61","https://fonts.googleapis.com/css2?family=Outfit:wght@400;500;700;800;900&amp;family=Inter:wght@300;400;500;600;700;800&amp;display=swap","external","False","",""
"395","workoutplanner.html","63","https://cdnjs.cloudflare.com/ajax/libs/font-awesome/6.4.0/css/all.min.css","external","False","",""
"396","workoutplanner.html","65","https://cdnjs.cloudflare.com/ajax/libs/font-awesome/6.4.0/css/all.min.css","external","False","",""
"397","workoutplanner.html","527","#program-view","anchor","False","",""
"398","workoutplanner.html","707","#","anchor","False","",""
"399","workoutplanner.html","919","dietplanner.html","internal","True","E:\gym\abcv-main\abcv-main\dietplanner.html","E:\gym\abcv-main\abcv-main\dietplanner.html"
"400","workoutplanner.html","920","caloriecalculator.html","internal","True","E:\gym\abcv-main\abcv-main\caloriecalculator.html","E:\gym\abcv-main\abcv-main\caloriecalculator.html"
"401","workoutplanner.html","921","nutrition.html","internal","True","E:\gym\abcv-main\abcv-main\nutrition.html","E:\gym\abcv-main\abcv-main\nutrition.html"
"402","workoutplanner.html","922","blog.html","internal","True","E:\gym\abcv-main\abcv-main\blog.html","E:\gym\abcv-main\abcv-main\blog.html"
"403","workoutplanner.html","923","gym-empire-arcade.html","internal","True","E:\gym\abcv-main\abcv-main\gym-empire-arcade.html","E:\gym\abcv-main\abcv-main\gym-empire-arcade.html"
"404","workoutplanner.html","924","about.html","internal","True","E:\gym\abcv-main\abcv-main\about.html","E:\gym\abcv-main\abcv-main\about.html"
"405","workoutplanner.html","925","contact.html","internal","True","E:\gym\abcv-main\abcv-main\contact.html","E:\gym\abcv-main\abcv-main\contact.html"
"406","workoutplanner.html","926","faq.html","internal","True","E:\gym\abcv-main\abcv-main\faq.html","E:\gym\abcv-main\abcv-main\faq.html"
"407","workoutplanner.html","930","privacy.html","internal","True","E:\gym\abcv-main\abcv-main\privacy.html","E:\gym\abcv-main\abcv-main\privacy.html"
"408","workoutplanner.html","931","editorial-policy.html","internal","True","E:\gym\abcv-main\abcv-main\editorial-policy.html","E:\gym\abcv-main\abcv-main\editorial-policy.html"
"409","workoutplanner.html","932","affiliate-disclosure.html","internal","True","E:\gym\abcv-main\abcv-main\affiliate-disclosure.html","E:\gym\abcv-main\abcv-main\affiliate-disclosure.html"
"410","workoutplanner.html","933","medical_disclaimer.html","internal","True","E:\gym\abcv-main\abcv-main\medical_disclaimer.html","E:\gym\abcv-main\abcv-main\medical_disclaimer.html"
"411","workoutplanner.html","4","https://www.googletagmanager.com/gtag/js?id=G-J3YYRQ301T","external","False","",""
"412","workoutplanner.html","397","js/ads.min.js","internal","True","E:\gym\abcv-main\abcv-main\js\ads.min.js","E:\gym\abcv-main\abcv-main\js\ads.min.js"
"413","workoutplanner.html","939","layout.js","internal","True","E:\gym\abcv-main\abcv-main\layout.js","E:\gym\abcv-main\abcv-main\layout.js"
"414","workoutplanner.html","2569","${ex.localPath.split(","internal","False","E:\gym\abcv-main\abcv-main\${ex.localPath.split(","E:\gym\abcv-main\abcv-main\${ex.localPath.split("
"415","workoutplanner.html","2635","${ex.localPath.split(","internal","False","E:\gym\abcv-main\abcv-main\${ex.localPath.split(","E:\gym\abcv-main\abcv-main\${ex.localPath.split("
"416","caloriecalculator.html","25","https://gymtranning.com/caloriecalculator.html","external","False","",""
"417","caloriecalculator.html","28","/favicon.ico","internal","True","E:\gym\abcv-main\abcv-main\favicon.ico","E:\gym\abcv-main\abcv-main\favicon.ico"
"418","caloriecalculator.html","34","https://gymtranning.com/og-image.jpg","external","False","",""
"419","caloriecalculator.html","130","https://fonts.googleapis.com","external","False","",""
"420","caloriecalculator.html","131","https://fonts.gstatic.com","external","False","",""
"421","caloriecalculator.html","132","https://fonts.googleapis.com/css2?family=Poppins:wght@300;400;500;600;700&amp;family=Montserrat:wght@600;700;800&amp;display=swap","external","False","",""
"422","caloriecalculator.html","134","css/tailwind.min.css","internal","True","E:\gym\abcv-main\abcv-main\css\tailwind.min.css","E:\gym\abcv-main\abcv-main\css\tailwind.min.css"
"423","caloriecalculator.html","1002","https://cdnjs.cloudflare.com","external","False","",""
"424","caloriecalculator.html","1003","https://cdn.jsdelivr.net","external","False","",""
"425","caloriecalculator.html","1004","https://www.googletagmanager.com","external","False","",""
"426","caloriecalculator.html","1058","#main-content","anchor","False","",""
"427","caloriecalculator.html","1732","workoutplanner.html","internal","True","E:\gym\abcv-main\abcv-main\workoutplanner.html","E:\gym\abcv-main\abcv-main\workoutplanner.html"
"428","caloriecalculator.html","1733","dietplanner.html","internal","True","E:\gym\abcv-main\abcv-main\dietplanner.html","E:\gym\abcv-main\abcv-main\dietplanner.html"
"429","caloriecalculator.html","1734","caloriecalculator.html","internal","True","E:\gym\abcv-main\abcv-main\caloriecalculator.html","E:\gym\abcv-main\abcv-main\caloriecalculator.html"
"430","caloriecalculator.html","1735","nutrition.html","internal","True","E:\gym\abcv-main\abcv-main\nutrition.html","E:\gym\abcv-main\abcv-main\nutrition.html"
"431","caloriecalculator.html","1736","gym-empire-arcade.html","internal","True","E:\gym\abcv-main\abcv-main\gym-empire-arcade.html","E:\gym\abcv-main\abcv-main\gym-empire-arcade.html"
"432","caloriecalculator.html","1737","about.html","internal","True","E:\gym\abcv-main\abcv-main\about.html","E:\gym\abcv-main\abcv-main\about.html"
"433","caloriecalculator.html","1738","faq.html","internal","True","E:\gym\abcv-main\abcv-main\faq.html","E:\gym\abcv-main\abcv-main\faq.html"
"434","caloriecalculator.html","4","https://www.googletagmanager.com/gtag/js?id=G-J3YYRQ301T","external","False","",""
"435","caloriecalculator.html","1001","js/ads.min.js","internal","True","E:\gym\abcv-main\abcv-main\js\ads.min.js","E:\gym\abcv-main\abcv-main\js\ads.min.js"
"436","caloriecalculator.html","2156","layout.js","internal","True","E:\gym\abcv-main\abcv-main\layout.js","E:\gym\abcv-main\abcv-main\layout.js"
"437","dietplanner.html","9","https://gymtranning.com/dietplanner.html","external","False","",""
"438","dietplanner.html","24","https://fonts.googleapis.com","external","False","",""
"439","dietplanner.html","25","https://fonts.gstatic.com","external","False","",""
"440","dietplanner.html","26","https://fonts.googleapis.com/css2?family=Inter:wght@400;500;600;700;800&amp;display=swap","external","False","",""
"441","dietplanner.html","27","https://cdnjs.cloudflare.com/ajax/libs/font-awesome/6.4.0/css/all.min.css","external","False","",""
"442","dietplanner.html","1005","#main-content","anchor","False","",""
"443","dietplanner.html","1299","/cookie_policy.html","internal","True","E:\gym\abcv-main\abcv-main\cookie_policy.html","E:\gym\abcv-main\abcv-main\cookie_policy.html"
"444","dietplanner.html","932","https://www.googletagmanager.com/gtag/js?id=G-J3YYRQ301T","external","False","",""
"445","dietplanner.html","2012","layout.js","internal","True","E:\gym\abcv-main\abcv-main\layout.js","E:\gym\abcv-main\abcv-main\layout.js"
"446","gym-empire-arcade.html","8","https://gymtranning.com/gym-empire-arcade.html","external","False","",""
"447","gym-empire-arcade.html","21","https://cdnjs.cloudflare.com","external","False","",""
"448","gym-empire-arcade.html","22","https://fonts.googleapis.com","external","False","",""
"449","gym-empire-arcade.html","23","https://fonts.gstatic.com","external","False","",""
"450","gym-empire-arcade.html","24","https://cdnjs.cloudflare.com","external","False","",""
"451","gym-empire-arcade.html","25","https://fonts.googleapis.com","external","False","",""
"452","gym-empire-arcade.html","26","https://fonts.gstatic.com","external","False","",""
"453","gym-empire-arcade.html","411","https://fonts.googleapis.com/css2?family=Inter:wght@400;500;600;700&amp;family=Space+Grotesk:wght@500;700&amp;family=JetBrains+Mono:wght@400;700&amp;display=swap","external","False","",""
"454","gym-empire-arcade.html","414","https://cdnjs.cloudflare.com/ajax/libs/font-awesome/6.4.0/css/all.min.css","external","False","",""
"455","gym-empire-arcade.html","31","https://cdnjs.cloudflare.com/ajax/libs/html-to-image/1.11.13/html-to-image.min.js","external","False","",""
"456","gym-empire-arcade.html","389","https://cdn.tailwindcss.com","external","False","",""
"457","gym-empire-arcade.html","419","https://unpkg.com/lucide@latest","external","False","",""
"458","gym-empire-arcade.html","592","/_aistudio-iframe.js","internal","False","E:\gym\abcv-main\abcv-main\_aistudio-iframe.js","E:\gym\abcv-main\abcv-main\_aistudio-iframe.js"
"459","gym-empire-arcade.html","594","https://cdn.jsdelivr.net/npm/html2canvas-pro@2.0.4","external","False","",""
"460","privacy.html","2","https://gymtranning.com/privacy.html","external","False","",""
"461","privacy.html","6","/favicon.ico","internal","True","E:\gym\abcv-main\abcv-main\favicon.ico","E:\gym\abcv-main\abcv-main\favicon.ico"
"462","privacy.html","12","https://gymtranning.com/og-image.jpg","external","False","",""
"463","privacy.html","25","css/tailwind.min.css","internal","True","E:\gym\abcv-main\abcv-main\css\tailwind.min.css","E:\gym\abcv-main\abcv-main\css\tailwind.min.css"
"464","privacy.html","27","https://fonts.googleapis.com/css2?family=Poppins:wght@300;400;500;600;700&amp;family=Montserrat:wght@600;700;800&amp;display=swap","external","False","",""
"465","privacy.html","313","https://cdnjs.cloudflare.com/ajax/libs/font-awesome/6.4.0/css/all.min.css","external","False","",""
"466","privacy.html","326","https://fonts.googleapis.com","external","False","",""
"467","privacy.html","327","https://fonts.gstatic.com","external","False","",""
"468","privacy.html","328","https://cdnjs.cloudflare.com","external","False","",""
"469","privacy.html","329","https://cdn.jsdelivr.net","external","False","",""
"470","privacy.html","330","https://www.googletagmanager.com","external","False","",""
"471","privacy.html","424","#main-content","anchor","False","",""
"472","privacy.html","485","https://myadcenter.google.com/","external","False","",""
"473","privacy.html","511","https://gymtranning.com/affiliate-disclosure.html","external","False","",""
"474","privacy.html","516","https://gymtranning.com/editorial-policy.html","external","False","",""
"475","privacy.html","521","https://gymtranning.com/terms_of_service.html","external","False","",""
"476","privacy.html","528","https://gymtranning.com/cookie_policy.html","external","False","",""
"477","privacy.html","535","https://gymtranning.com/accessibility.html","external","False","",""
"478","privacy.html","542","https://gymtranning.com/medical_disclaimer.html","external","False","",""
"479","privacy.html","549","https://gymtranning.com/dietplanner.html","external","False","",""
"480","privacy.html","556","https://gymtranning.com/caloriecalculator.html","external","False","",""
"481","privacy.html","571","https://gymtranning.com","external","False","",""
"482","privacy.html","314","layout.js","internal","True","E:\gym\abcv-main\abcv-main\layout.js","E:\gym\abcv-main\abcv-main\layout.js"
"483","privacy.html","324","js/ads.min.js","internal","True","E:\gym\abcv-main\abcv-main\js\ads.min.js","E:\gym\abcv-main\abcv-main\js\ads.min.js"
"484","privacy.html","332","https://www.googletagmanager.com/gtag/js?id=G-J3YYRQ301T","external","False","",""
"485","terms_of_service.html","2","https://gymtranning.com/terms_of_service.html","external","False","",""
"486","terms_of_service.html","6","/favicon.ico","internal","True","E:\gym\abcv-main\abcv-main\favicon.ico","E:\gym\abcv-main\abcv-main\favicon.ico"
"487","terms_of_service.html","12","https://gymtranning.com/og-image.jpg","external","False","",""
"488","terms_of_service.html","25","https://fonts.googleapis.com","external","False","",""
"489","terms_of_service.html","26","https://fonts.gstatic.com","external","False","",""
"490","terms_of_service.html","28","css/tailwind.min.css","internal","True","E:\gym\abcv-main\abcv-main\css\tailwind.min.css","E:\gym\abcv-main\abcv-main\css\tailwind.min.css"
"491","terms_of_service.html","30","https://fonts.googleapis.com/css2?family=Poppins:wght@300;400;500;600;700&amp;family=Montserrat:wght@600;700;800&amp;display=swap","external","False","",""
"492","terms_of_service.html","305","https://cdnjs.cloudflare.com/ajax/libs/font-awesome/6.4.0/css/all.min.css","external","False","",""
"493","terms_of_service.html","316","https://cdnjs.cloudflare.com","external","False","",""
"494","terms_of_service.html","317","https://cdn.jsdelivr.net","external","False","",""
"495","terms_of_service.html","318","https://www.googletagmanager.com","external","False","",""
"496","terms_of_service.html","412","#main-content","anchor","False","",""
"497","terms_of_service.html","518","/privacy.html","internal","True","E:\gym\abcv-main\abcv-main\privacy.html","E:\gym\abcv-main\abcv-main\privacy.html"
"498","terms_of_service.html","541","https://gymtranning.com/affiliate-disclosure.html","external","False","",""
"499","terms_of_service.html","546","https://gymtranning.com/editorial-policy.html","external","False","",""
"500","terms_of_service.html","551","https://gymtranning.com/privacy.html","external","False","",""
"501","terms_of_service.html","558","https://gymtranning.com/cookie_policy.html","external","False","",""
"502","terms_of_service.html","565","https://gymtranning.com/medical_disclaimer.html","external","False","",""
"503","terms_of_service.html","572","https://gymtranning.com/accessibility.html","external","False","",""
"504","terms_of_service.html","306","layout.js","internal","True","E:\gym\abcv-main\abcv-main\layout.js","E:\gym\abcv-main\abcv-main\layout.js"
"505","terms_of_service.html","315","js/ads.min.js","internal","True","E:\gym\abcv-main\abcv-main\js\ads.min.js","E:\gym\abcv-main\abcv-main\js\ads.min.js"
"506","terms_of_service.html","320","https://www.googletagmanager.com/gtag/js?id=G-J3YYRQ301T","external","False","",""
"507","cookie_policy.html","2","https://gymtranning.com/cookie_policy.html","external","False","",""
"508","cookie_policy.html","7","/favicon.ico","internal","True","E:\gym\abcv-main\abcv-main\favicon.ico","E:\gym\abcv-main\abcv-main\favicon.ico"
"509","cookie_policy.html","24","css/tailwind.min.css","internal","True","E:\gym\abcv-main\abcv-main\css\tailwind.min.css","E:\gym\abcv-main\abcv-main\css\tailwind.min.css"
"510","cookie_policy.html","26","https://fonts.googleapis.com/css2?family=Poppins:wght@300;400;500;600;700&amp;family=Montserrat:wght@600;700;800&amp;display=swap","external","False","",""
"511","cookie_policy.html","300","https://cdnjs.cloudflare.com/ajax/libs/font-awesome/6.4.0/css/all.min.css","external","False","",""
"512","cookie_policy.html","310","https://cdnjs.cloudflare.com","external","False","",""
"513","cookie_policy.html","311","https://cdn.jsdelivr.net","external","False","",""
"514","cookie_policy.html","312","https://www.googletagmanager.com","external","False","",""
"515","cookie_policy.html","405","https://fonts.gstatic.com","external","False","",""
"516","cookie_policy.html","408","#main-content","anchor","False","",""
"517","cookie_policy.html","564","https://myadcenter.google.com/","external","False","",""
"518","cookie_policy.html","568","https://support.google.com/chrome/answer/95647","external","False","",""
"519","cookie_policy.html","569","https://support.mozilla.org/en-US/kb/enable-and-disable-cookies-website-preferences","external","False","",""
"520","cookie_policy.html","571","https://support.apple.com/guide/safari/manage-cookies-and-website-data-sfri11471/mac","external","False","",""
"521","cookie_policy.html","573","https://support.microsoft.com/en-us/windows/microsoft-edge-browsing-data-and-privacy-bb8174ba-9d73-dcf2-9b4a-c582b4e640dd","external","False","",""
"522","cookie_policy.html","589","https://gymtranning.com/affiliate-disclosure.html","external","False","",""
"523","cookie_policy.html","594","https://gymtranning.com/editorial-policy.html","external","False","",""
"524","cookie_policy.html","599","https://gymtranning.com/privacy.html","external","False","",""
"525","cookie_policy.html","606","https://gymtranning.com/terms_of_service.html","external","False","",""
"526","cookie_policy.html","613","https://gymtranning.com/accessibility.html","external","False","",""
"527","cookie_policy.html","620","https://gymtranning.com/medical_disclaimer.html","external","False","",""
"528","cookie_policy.html","627","https://gymtranning.com/dietplanner.html","external","False","",""
"529","cookie_policy.html","634","https://gymtranning.com/caloriecalculator.html","external","False","",""
"530","cookie_policy.html","649","https://gymtranning.com","external","False","",""
"531","cookie_policy.html","309","js/ads.min.js","internal","True","E:\gym\abcv-main\abcv-main\js\ads.min.js","E:\gym\abcv-main\abcv-main\js\ads.min.js"
"532","cookie_policy.html","314","https://www.googletagmanager.com/gtag/js?id=G-J3YYRQ301T","external","False","",""
"533","cookie_policy.html","667","layout.js","internal","True","E:\gym\abcv-main\abcv-main\layout.js","E:\gym\abcv-main\abcv-main\layout.js"
"534","editorial-policy.html","2","https://gymtranning.com/editorial-policy.html","external","False","",""
"535","editorial-policy.html","6","/favicon.ico","internal","True","E:\gym\abcv-main\abcv-main\favicon.ico","E:\gym\abcv-main\abcv-main\favicon.ico"
"536","editorial-policy.html","12","https://gymtranning.com/og-image.jpg","external","False","",""
"537","editorial-policy.html","31","css/tailwind.min.css","internal","True","E:\gym\abcv-main\abcv-main\css\tailwind.min.css","E:\gym\abcv-main\abcv-main\css\tailwind.min.css"
"538","editorial-policy.html","254","https://cdnjs.cloudflare.com/ajax/libs/font-awesome/6.4.0/css/all.min.css","external","False","",""
"539","editorial-policy.html","259","https://fonts.googleapis.com","external","False","",""
"540","editorial-policy.html","260","https://fonts.gstatic.com","external","False","",""
"541","editorial-policy.html","261","https://cdnjs.cloudflare.com","external","False","",""
"542","editorial-policy.html","262","https://cdn.jsdelivr.net","external","False","",""
"543","editorial-policy.html","263","https://www.googletagmanager.com","external","False","",""
"544","editorial-policy.html","322","#main-content","anchor","False","",""
"545","editorial-policy.html","401","/contact.html","internal","True","E:\gym\abcv-main\abcv-main\contact.html","E:\gym\abcv-main\abcv-main\contact.html"
"546","editorial-policy.html","406","/affiliate-disclosure.html","internal","True","E:\gym\abcv-main\abcv-main\affiliate-disclosure.html","E:\gym\abcv-main\abcv-main\affiliate-disclosure.html"
"547","editorial-policy.html","414","https://gymtranning.com/about.html","external","False","",""
"548","editorial-policy.html","419","https://gymtranning.com/affiliate-disclosure.html","external","False","",""
"549","editorial-policy.html","424","https://gymtranning.com/medical_disclaimer.html","external","False","",""
"550","editorial-policy.html","429","https://gymtranning.com/privacy.html","external","False","",""
"551","editorial-policy.html","434","https://gymtranning.com/terms_of_service.html","external","False","",""
"552","editorial-policy.html","439","https://gymtranning.com/contact.html","external","False","",""
"553","editorial-policy.html","453","https://gymtranning.com","external","False","",""
"554","editorial-policy.html","255","layout.js","internal","True","E:\gym\abcv-main\abcv-main\layout.js","E:\gym\abcv-main\abcv-main\layout.js"
"555","editorial-policy.html","257","js/ads.min.js","internal","True","E:\gym\abcv-main\abcv-main\js\ads.min.js","E:\gym\abcv-main\abcv-main\js\ads.min.js"
"556","editorial-policy.html","265","https://www.googletagmanager.com/gtag/js?id=G-J3YYRQ301T","external","False","",""
"557","affiliate-disclosure.html","2","https://gymtranning.com/affiliate-disclosure.html","external","False","",""
"558","affiliate-disclosure.html","6","/favicon.ico","internal","True","E:\gym\abcv-main\abcv-main\favicon.ico","E:\gym\abcv-main\abcv-main\favicon.ico"
"559","affiliate-disclosure.html","12","https://gymtranning.com/og-image.jpg","external","False","",""
"560","affiliate-disclosure.html","31","css/tailwind.min.css","internal","True","E:\gym\abcv-main\abcv-main\css\tailwind.min.css","E:\gym\abcv-main\abcv-main\css\tailwind.min.css"
"561","affiliate-disclosure.html","78","https://cdnjs.cloudflare.com/ajax/libs/font-awesome/6.4.0/css/all.min.css","external","False","",""
"562","affiliate-disclosure.html","82","https://fonts.googleapis.com","external","False","",""
"563","affiliate-disclosure.html","83","https://fonts.gstatic.com","external","False","",""
"564","affiliate-disclosure.html","84","https://cdnjs.cloudflare.com","external","False","",""
"565","affiliate-disclosure.html","85","https://cdn.jsdelivr.net","external","False","",""
"566","affiliate-disclosure.html","86","https://www.googletagmanager.com","external","False","",""
"567","affiliate-disclosure.html","144","#main-content","anchor","False","",""
"568","affiliate-disclosure.html","196","/editorial-policy.html","internal","True","E:\gym\abcv-main\abcv-main\editorial-policy.html","E:\gym\abcv-main\abcv-main\editorial-policy.html"
"569","affiliate-disclosure.html","202","/contact.html","internal","True","E:\gym\abcv-main\abcv-main\contact.html","E:\gym\abcv-main\abcv-main\contact.html"
"570","affiliate-disclosure.html","209","https://gymtranning.com/editorial-policy.html","external","False","",""
"571","affiliate-disclosure.html","214","https://gymtranning.com/privacy.html","external","False","",""
"572","affiliate-disclosure.html","219","https://gymtranning.com/terms_of_service.html","external","False","",""
"573","affiliate-disclosure.html","224","https://gymtranning.com/medical_disclaimer.html","external","False","",""
"574","affiliate-disclosure.html","229","https://gymtranning.com/about.html","external","False","",""
"575","affiliate-disclosure.html","234","https://gymtranning.com/contact.html","external","False","",""
"576","affiliate-disclosure.html","248","https://gymtranning.com","external","False","",""
"577","affiliate-disclosure.html","79","layout.js","internal","True","E:\gym\abcv-main\abcv-main\layout.js","E:\gym\abcv-main\abcv-main\layout.js"
"578","affiliate-disclosure.html","81","js/ads.min.js","internal","True","E:\gym\abcv-main\abcv-main\js\ads.min.js","E:\gym\abcv-main\abcv-main\js\ads.min.js"
"579","affiliate-disclosure.html","87","https://www.googletagmanager.com/gtag/js?id=G-J3YYRQ301T","external","False","",""
"580","medical_disclaimer.html","2","https://gymtranning.com/medical_disclaimer.html","external","False","",""
"581","medical_disclaimer.html","7","/favicon.ico","internal","True","E:\gym\abcv-main\abcv-main\favicon.ico","E:\gym\abcv-main\abcv-main\favicon.ico"
"582","medical_disclaimer.html","24","css/tailwind.min.css","internal","True","E:\gym\abcv-main\abcv-main\css\tailwind.min.css","E:\gym\abcv-main\abcv-main\css\tailwind.min.css"
"583","medical_disclaimer.html","26","https://fonts.googleapis.com/css2?family=Poppins:wght@300;400;500;600;700&amp;family=Montserrat:wght@600;700;800&amp;display=swap","external","False","",""
"584","medical_disclaimer.html","300","https://cdnjs.cloudflare.com/ajax/libs/font-awesome/6.4.0/css/all.min.css","external","False","",""
"585","medical_disclaimer.html","310","https://cdnjs.cloudflare.com","external","False","",""
"586","medical_disclaimer.html","311","https://cdn.jsdelivr.net","external","False","",""
"587","medical_disclaimer.html","312","https://www.googletagmanager.com","external","False","",""
"588","medical_disclaimer.html","405","https://fonts.gstatic.com","external","False","",""
"589","medical_disclaimer.html","408","#main-content","anchor","False","",""
"590","medical_disclaimer.html","495","https://gymtranning.com/affiliate-disclosure.html","external","False","",""
"591","medical_disclaimer.html","500","https://gymtranning.com/editorial-policy.html","external","False","",""
"592","medical_disclaimer.html","505","https://gymtranning.com/privacy.html","external","False","",""
"593","medical_disclaimer.html","512","https://gymtranning.com/terms_of_service.html","external","False","",""
"594","medical_disclaimer.html","519","https://gymtranning.com/cookie_policy.html","external","False","",""
"595","medical_disclaimer.html","526","https://gymtranning.com/accessibility.html","external","False","",""
"596","medical_disclaimer.html","533","https://gymtranning.com/dietplanner.html","external","False","",""
"597","medical_disclaimer.html","540","https://gymtranning.com/caloriecalculator.html","external","False","",""
"598","medical_disclaimer.html","555","https://gymtranning.com","external","False","",""
"599","medical_disclaimer.html","309","js/ads.min.js","internal","True","E:\gym\abcv-main\abcv-main\js\ads.min.js","E:\gym\abcv-main\abcv-main\js\ads.min.js"
"600","medical_disclaimer.html","314","https://www.googletagmanager.com/gtag/js?id=G-J3YYRQ301T","external","False","",""
"601","medical_disclaimer.html","577","layout.js","internal","True","E:\gym\abcv-main\abcv-main\layout.js","E:\gym\abcv-main\abcv-main\layout.js"
"602","accessibility.html","2","https://gymtranning.com/accessibility.html","external","False","",""
"603","accessibility.html","7","/favicon.ico","internal","True","E:\gym\abcv-main\abcv-main\favicon.ico","E:\gym\abcv-main\abcv-main\favicon.ico"
"604","accessibility.html","12","https://gymtranning.com/og-image.jpg","external","False","",""
"605","accessibility.html","25","https://fonts.googleapis.com","external","False","",""
"606","accessibility.html","26","https://fonts.gstatic.com","external","False","",""
"607","accessibility.html","28","css/tailwind.min.css","internal","True","E:\gym\abcv-main\abcv-main\css\tailwind.min.css","E:\gym\abcv-main\abcv-main\css\tailwind.min.css"
"608","accessibility.html","30","https://fonts.googleapis.com/css2?family=Poppins:wght@300;400;500;600;700&amp;family=Montserrat:wght@600;700;800&amp;display=swap","external","False","",""
"609","accessibility.html","304","https://cdnjs.cloudflare.com/ajax/libs/font-awesome/6.4.0/css/all.min.css","external","False","",""
"610","accessibility.html","314","https://cdnjs.cloudflare.com","external","False","",""
"611","accessibility.html","315","https://cdn.jsdelivr.net","external","False","",""
"612","accessibility.html","316","https://www.googletagmanager.com","external","False","",""
"613","accessibility.html","411","#main-content","anchor","False","",""
"614","accessibility.html","566","https://gymtranning.com/affiliate-disclosure.html","external","False","",""
"615","accessibility.html","571","https://gymtranning.com/editorial-policy.html","external","False","",""
"616","accessibility.html","576","https://gymtranning.com/privacy.html","external","False","",""
"617","accessibility.html","583","https://gymtranning.com/terms_of_service.html","external","False","",""
"618","accessibility.html","590","https://gymtranning.com/cookie_policy.html","external","False","",""
"619","accessibility.html","597","https://gymtranning.com/medical_disclaimer.html","external","False","",""
"620","accessibility.html","604","https://gymtranning.com/dietplanner.html","external","False","",""
"621","accessibility.html","611","https://gymtranning.com/caloriecalculator.html","external","False","",""
"622","accessibility.html","627","https://gymtranning.com","external","False","",""
"623","accessibility.html","313","js/ads.min.js","internal","True","E:\gym\abcv-main\abcv-main\js\ads.min.js","E:\gym\abcv-main\abcv-main\js\ads.min.js"
"624","accessibility.html","318","https://www.googletagmanager.com/gtag/js?id=G-J3YYRQ301T","external","False","",""
"625","accessibility.html","647","layout.js","internal","True","E:\gym\abcv-main\abcv-main\layout.js","E:\gym\abcv-main\abcv-main\layout.js"
"626","faq.html","2","https://gymtranning.com/faq.html","external","False","",""
"627","faq.html","6","/favicon.ico","internal","True","E:\gym\abcv-main\abcv-main\favicon.ico","E:\gym\abcv-main\abcv-main\favicon.ico"
"628","faq.html","11","css/tailwind.min.css","internal","True","E:\gym\abcv-main\abcv-main\css\tailwind.min.css","E:\gym\abcv-main\abcv-main\css\tailwind.min.css"
"629","faq.html","13","https://fonts.googleapis.com/css2?family=Poppins:wght@300;400;500;600;700&amp;family=Montserrat:wght@600;700;800&amp;display=swap","external","False","",""
"630","faq.html","14","https://cdnjs.cloudflare.com/ajax/libs/font-awesome/6.4.0/css/all.min.css","external","False","",""
"631","faq.html","25","https://cdnjs.cloudflare.com","external","False","",""
"632","faq.html","26","https://cdn.jsdelivr.net","external","False","",""
"633","faq.html","27","https://www.googletagmanager.com","external","False","",""
"634","faq.html","264","https://fonts.gstatic.com","external","False","",""
"635","faq.html","268","#main-content","anchor","False","",""
"636","faq.html","324","/blog.html","internal","True","E:\gym\abcv-main\abcv-main\blog.html","E:\gym\abcv-main\abcv-main\blog.html"
"637","faq.html","356","/caloriecalculator.html","internal","True","E:\gym\abcv-main\abcv-main\caloriecalculator.html","E:\gym\abcv-main\abcv-main\caloriecalculator.html"
"638","faq.html","411","/medical_disclaimer.html","internal","True","E:\gym\abcv-main\abcv-main\medical_disclaimer.html","E:\gym\abcv-main\abcv-main\medical_disclaimer.html"
"639","faq.html","429","/contact.html","internal","True","E:\gym\abcv-main\abcv-main\contact.html","E:\gym\abcv-main\abcv-main\contact.html"
"640","faq.html","434","/privacy.html","internal","True","E:\gym\abcv-main\abcv-main\privacy.html","E:\gym\abcv-main\abcv-main\privacy.html"
"641","faq.html","445","/editorial-policy.html","internal","True","E:\gym\abcv-main\abcv-main\editorial-policy.html","E:\gym\abcv-main\abcv-main\editorial-policy.html"
"642","faq.html","449","/affiliate-disclosure.html","internal","True","E:\gym\abcv-main\abcv-main\affiliate-disclosure.html","E:\gym\abcv-main\abcv-main\affiliate-disclosure.html"
"643","faq.html","457","/contact.html","internal","True","E:\gym\abcv-main\abcv-main\contact.html","E:\gym\abcv-main\abcv-main\contact.html"
"644","faq.html","15","layout.js","internal","True","E:\gym\abcv-main\abcv-main\layout.js","E:\gym\abcv-main\abcv-main\layout.js"
"645","faq.html","24","js/ads.min.js","internal","True","E:\gym\abcv-main\abcv-main\js\ads.min.js","E:\gym\abcv-main\abcv-main\js\ads.min.js"
"646","faq.html","29","https://www.googletagmanager.com/gtag/js?id=G-J3YYRQ301T","external","False","",""
"647","404.html","6","https://gymtranning.com/404.html","external","False","",""
"648","404.html","9","/favicon.ico","internal","True","E:\gym\abcv-main\abcv-main\favicon.ico","E:\gym\abcv-main\abcv-main\favicon.ico"
"649","404.html","20","css/tailwind.min.css","internal","True","E:\gym\abcv-main\abcv-main\css\tailwind.min.css","E:\gym\abcv-main\abcv-main\css\tailwind.min.css"
"650","404.html","21","https://fonts.googleapis.com/css2?family=Poppins:wght@300;400;500;600;700&amp;family=Montserrat:wght@700;800;900&amp;display=swap","external","False","",""
"651","404.html","22","https://cdnjs.cloudflare.com/ajax/libs/font-awesome/6.4.0/css/all.min.css","external","False","",""
"652","404.html","60","#main-content","anchor","False","",""
"653","404.html","68","/","internal","True","E:\gym\abcv-main\abcv-main\","E:\gym\abcv-main\abcv-main\"
"654","404.html","76","/index.html","internal","True","E:\gym\abcv-main\abcv-main\index.html","E:\gym\abcv-main\abcv-main\index.html"
"655","404.html","79","/blog.html","internal","True","E:\gym\abcv-main\abcv-main\blog.html","E:\gym\abcv-main\abcv-main\blog.html"
"656","404.html","82","/workoutplanner.html","internal","True","E:\gym\abcv-main\abcv-main\workoutplanner.html","E:\gym\abcv-main\abcv-main\workoutplanner.html"
"657","404.html","85","/dietplanner.html","internal","True","E:\gym\abcv-main\abcv-main\dietplanner.html","E:\gym\abcv-main\abcv-main\dietplanner.html"
"658","404.html","88","/caloriecalculator.html","internal","True","E:\gym\abcv-main\abcv-main\caloriecalculator.html","E:\gym\abcv-main\abcv-main\caloriecalculator.html"
"659","404.html","91","/nutrition.html","internal","True","E:\gym\abcv-main\abcv-main\nutrition.html","E:\gym\abcv-main\abcv-main\nutrition.html"
"660","404.html","94","/contact.html","internal","True","E:\gym\abcv-main\abcv-main\contact.html","E:\gym\abcv-main\abcv-main\contact.html"
"661","404.html","376","/","internal","True","E:\gym\abcv-main\abcv-main\","E:\gym\abcv-main\abcv-main\"
"662","404.html","379","/blog.html","internal","True","E:\gym\abcv-main\abcv-main\blog.html","E:\gym\abcv-main\abcv-main\blog.html"
"663","404.html","406","/blog.html","internal","True","E:\gym\abcv-main\abcv-main\blog.html","E:\gym\abcv-main\abcv-main\blog.html"
"664","404.html","407","/workoutplanner.html","internal","True","E:\gym\abcv-main\abcv-main\workoutplanner.html","E:\gym\abcv-main\abcv-main\workoutplanner.html"
"665","404.html","409","/nutrition.html","internal","True","E:\gym\abcv-main\abcv-main\nutrition.html","E:\gym\abcv-main\abcv-main\nutrition.html"
"666","404.html","410","/dietplanner.html","internal","True","E:\gym\abcv-main\abcv-main\dietplanner.html","E:\gym\abcv-main\abcv-main\dietplanner.html"
"667","404.html","418","/contact.html","internal","True","E:\gym\abcv-main\abcv-main\contact.html","E:\gym\abcv-main\abcv-main\contact.html"
"668","404.html","419","/faq.html","internal","True","E:\gym\abcv-main\abcv-main\faq.html","E:\gym\abcv-main\abcv-main\faq.html"
"669","404.html","428","/privacy.html","internal","True","E:\gym\abcv-main\abcv-main\privacy.html","E:\gym\abcv-main\abcv-main\privacy.html"
"670","404.html","429","/terms_of_service.html","internal","True","E:\gym\abcv-main\abcv-main\terms_of_service.html","E:\gym\abcv-main\abcv-main\terms_of_service.html"
"671","404.html","430","/cookie_policy.html","internal","True","E:\gym\abcv-main\abcv-main\cookie_policy.html","E:\gym\abcv-main\abcv-main\cookie_policy.html"
"672","404.html","431","/medical_disclaimer.html","internal","True","E:\gym\abcv-main\abcv-main\medical_disclaimer.html","E:\gym\abcv-main\abcv-main\medical_disclaimer.html"
"673","404.html","432","/accessibility.html","internal","True","E:\gym\abcv-main\abcv-main\accessibility.html","E:\gym\abcv-main\abcv-main\accessibility.html"
"674","404.html","433","/sitemap.xml","internal","True","E:\gym\abcv-main\abcv-main\sitemap.xml","E:\gym\abcv-main\abcv-main\sitemap.xml"
"675","404.html","439","/cookie_policy.html","internal","True","E:\gym\abcv-main\abcv-main\cookie_policy.html","E:\gym\abcv-main\abcv-main\cookie_policy.html"
"676","404.html","34","https://www.googletagmanager.com/gtag/js?id=G-J3YYRQ301T","external","False","",""
"677","404.html","364","https://www.clarity.ms/tag/","external","False","",""
"678","404.html","369","/layout.js","internal","True","E:\gym\abcv-main\abcv-main\layout.js","E:\gym\abcv-main\abcv-main\layout.js"
"679","footer.html","22","/blog.html","internal","True","E:\gym\abcv-main\abcv-main\blog.html","E:\gym\abcv-main\abcv-main\blog.html"
"680","footer.html","23","/workoutplanner.html","internal","True","E:\gym\abcv-main\abcv-main\workoutplanner.html","E:\gym\abcv-main\abcv-main\workoutplanner.html"
"681","footer.html","25","/nutrition.html","internal","True","E:\gym\abcv-main\abcv-main\nutrition.html","E:\gym\abcv-main\abcv-main\nutrition.html"
"682","footer.html","26","/dietplanner.html","internal","True","E:\gym\abcv-main\abcv-main\dietplanner.html","E:\gym\abcv-main\abcv-main\dietplanner.html"
"683","footer.html","35","/contact.html","internal","True","E:\gym\abcv-main\abcv-main\contact.html","E:\gym\abcv-main\abcv-main\contact.html"
"684","footer.html","36","/faq.html","internal","True","E:\gym\abcv-main\abcv-main\faq.html","E:\gym\abcv-main\abcv-main\faq.html"
"685","footer.html","47","/about.html","internal","True","E:\gym\abcv-main\abcv-main\about.html","E:\gym\abcv-main\abcv-main\about.html"
"686","footer.html","48","/gym-empire-arcade.html","internal","True","E:\gym\abcv-main\abcv-main\gym-empire-arcade.html","E:\gym\abcv-main\abcv-main\gym-empire-arcade.html"
"687","footer.html","48","/privacy.html","internal","True","E:\gym\abcv-main\abcv-main\privacy.html","E:\gym\abcv-main\abcv-main\privacy.html"
"688","footer.html","49","/terms_of_service.html","internal","True","E:\gym\abcv-main\abcv-main\terms_of_service.html","E:\gym\abcv-main\abcv-main\terms_of_service.html"
"689","footer.html","50","/cookie_policy.html","internal","True","E:\gym\abcv-main\abcv-main\cookie_policy.html","E:\gym\abcv-main\abcv-main\cookie_policy.html"
"690","footer.html","51","/medical_disclaimer.html","internal","True","E:\gym\abcv-main\abcv-main\medical_disclaimer.html","E:\gym\abcv-main\abcv-main\medical_disclaimer.html"
"691","footer.html","52","/editorial-policy.html","internal","True","E:\gym\abcv-main\abcv-main\editorial-policy.html","E:\gym\abcv-main\abcv-main\editorial-policy.html"
"692","footer.html","53","/affiliate-disclosure.html","internal","True","E:\gym\abcv-main\abcv-main\affiliate-disclosure.html","E:\gym\abcv-main\abcv-main\affiliate-disclosure.html"
"693","footer.html","54","/accessibility.html","internal","True","E:\gym\abcv-main\abcv-main\accessibility.html","E:\gym\abcv-main\abcv-main\accessibility.html"
"694","footer.html","55","/sitemap.xml","internal","True","E:\gym\abcv-main\abcv-main\sitemap.xml","E:\gym\abcv-main\abcv-main\sitemap.xml"
"695","footer.html","63","/cookie_policy.html","internal","True","E:\gym\abcv-main\abcv-main\cookie_policy.html","E:\gym\abcv-main\abcv-main\cookie_policy.html"
"696","navbar.html","8","/","internal","True","E:\gym\abcv-main\abcv-main\","E:\gym\abcv-main\abcv-main\"
"697","navbar.html","16","/index.html","internal","True","E:\gym\abcv-main\abcv-main\index.html","E:\gym\abcv-main\abcv-main\index.html"
"698","navbar.html","20","/workoutplanner.html","internal","True","E:\gym\abcv-main\abcv-main\workoutplanner.html","E:\gym\abcv-main\abcv-main\workoutplanner.html"
"699","navbar.html","23","/gym-empire-arcade.html","internal","True","E:\gym\abcv-main\abcv-main\gym-empire-arcade.html","E:\gym\abcv-main\abcv-main\gym-empire-arcade.html"
"700","navbar.html","26","/dietplanner.html","internal","True","E:\gym\abcv-main\abcv-main\dietplanner.html","E:\gym\abcv-main\abcv-main\dietplanner.html"
"701","navbar.html","29","/caloriecalculator.html","internal","True","E:\gym\abcv-main\abcv-main\caloriecalculator.html","E:\gym\abcv-main\abcv-main\caloriecalculator.html"
"702","navbar.html","32","/nutrition.html","internal","True","E:\gym\abcv-main\abcv-main\nutrition.html","E:\gym\abcv-main\abcv-main\nutrition.html"
"703","navbar.html","37","/blog.html","internal","True","E:\gym\abcv-main\abcv-main\blog.html","E:\gym\abcv-main\abcv-main\blog.html"
"704","navbar.html","312","https://www.clarity.ms/tag/","external","False","",""
"705","top-5-chest-exercises-for-muscle-growth.html","3","https://gymtranning.com/top-5-chest-exercises-for-muscle-growth.html","external","False","",""
"706","top-5-chest-exercises-for-muscle-growth.html","6","/favicon.ico","internal","True","E:\gym\abcv-main\abcv-main\favicon.ico","E:\gym\abcv-main\abcv-main\favicon.ico"
"707","top-5-chest-exercises-for-muscle-growth.html","21","css/tailwind.min.css","internal","True","E:\gym\abcv-main\abcv-main\css\tailwind.min.css","E:\gym\abcv-main\abcv-main\css\tailwind.min.css"
"708","top-5-chest-exercises-for-muscle-growth.html","23","https://fonts.googleapis.com/css2?family=Poppins:wght@300;400;500;600;700&amp;family=Montserrat:wght@600;700;800&amp;display=swap","external","False","",""
"709","top-5-chest-exercises-for-muscle-growth.html","28","https://cdn.jsdelivr.net/npm/bootstrap@5.3.0-alpha1/dist/css/bootstrap.min.css","external","False","",""
"710","top-5-chest-exercises-for-muscle-growth.html","30","https://cdnjs.cloudflare.com/ajax/libs/font-awesome/6.4.0/css/all.min.css","external","False","",""
"711","top-5-chest-exercises-for-muscle-growth.html","32","https://fonts.googleapis.com/css2?family=Poppins:wght@300;400;500;600;700&amp;family=Montserrat:wght@700;800;900&amp;display=swap","external","False","",""
"712","top-5-chest-exercises-for-muscle-growth.html","34","https://cdn.jsdelivr.net/npm/lite-youtube-embed@0.3.3/src/lite-yt-embed.min.css","external","False","",""
"713","top-5-chest-exercises-for-muscle-growth.html","430","https://cdnjs.cloudflare.com","external","False","",""
"714","top-5-chest-exercises-for-muscle-growth.html","431","https://cdn.jsdelivr.net","external","False","",""
"715","top-5-chest-exercises-for-muscle-growth.html","432","https://www.googletagmanager.com","external","False","",""
"716","top-5-chest-exercises-for-muscle-growth.html","618","https://fonts.gstatic.com","external","False","",""
"717","top-5-chest-exercises-for-muscle-growth.html","621","#main-content","anchor","False","",""
"718","top-5-chest-exercises-for-muscle-growth.html","951","workoutplanner.html","internal","True","E:\gym\abcv-main\abcv-main\workoutplanner.html","E:\gym\abcv-main\abcv-main\workoutplanner.html"
"719","top-5-chest-exercises-for-muscle-growth.html","952","dietplanner.html","internal","True","E:\gym\abcv-main\abcv-main\dietplanner.html","E:\gym\abcv-main\abcv-main\dietplanner.html"
"720","top-5-chest-exercises-for-muscle-growth.html","953","caloriecalculator.html","internal","True","E:\gym\abcv-main\abcv-main\caloriecalculator.html","E:\gym\abcv-main\abcv-main\caloriecalculator.html"
"721","top-5-chest-exercises-for-muscle-growth.html","954","nutrition.html","internal","True","E:\gym\abcv-main\abcv-main\nutrition.html","E:\gym\abcv-main\abcv-main\nutrition.html"
"722","top-5-chest-exercises-for-muscle-growth.html","955","gym-empire-arcade.html","internal","True","E:\gym\abcv-main\abcv-main\gym-empire-arcade.html","E:\gym\abcv-main\abcv-main\gym-empire-arcade.html"
"723","top-5-chest-exercises-for-muscle-growth.html","956","about.html","internal","True","E:\gym\abcv-main\abcv-main\about.html","E:\gym\abcv-main\abcv-main\about.html"
"724","top-5-chest-exercises-for-muscle-growth.html","957","faq.html","internal","True","E:\gym\abcv-main\abcv-main\faq.html","E:\gym\abcv-main\abcv-main\faq.html"
"725","top-5-chest-exercises-for-muscle-growth.html","35","js/lite-yt-embed.min.js","internal","True","E:\gym\abcv-main\abcv-main\js\lite-yt-embed.min.js","E:\gym\abcv-main\abcv-main\js\lite-yt-embed.min.js"
"726","top-5-chest-exercises-for-muscle-growth.html","429","js/ads.min.js","internal","True","E:\gym\abcv-main\abcv-main\js\ads.min.js","E:\gym\abcv-main\abcv-main\js\ads.min.js"
"727","top-5-chest-exercises-for-muscle-growth.html","434","https://www.googletagmanager.com/gtag/js?id=G-J3YYRQ301T","external","False","",""
"728","top-5-chest-exercises-for-muscle-growth.html","903","https://cdn.jsdelivr.net/npm/bootstrap@5.3.0-alpha1/dist/js/bootstrap.bundle.min.js","external","False","",""
"729","top-5-chest-exercises-for-muscle-growth.html","963","layout.js","internal","True","E:\gym\abcv-main\abcv-main\layout.js","E:\gym\abcv-main\abcv-main\layout.js"
"730","top-7-back-exercises-for-muscle-growth.html","3","https://gymtranning.com/top-7-back-exercises-for-muscle-growth.html","external","False","",""
"731","top-7-back-exercises-for-muscle-growth.html","6","/favicon.ico","internal","True","E:\gym\abcv-main\abcv-main\favicon.ico","E:\gym\abcv-main\abcv-main\favicon.ico"
"732","top-7-back-exercises-for-muscle-growth.html","21","css/tailwind.min.css","internal","True","E:\gym\abcv-main\abcv-main\css\tailwind.min.css","E:\gym\abcv-main\abcv-main\css\tailwind.min.css"
"733","top-7-back-exercises-for-muscle-growth.html","23","https://fonts.googleapis.com/css2?family=Poppins:wght@300;400;500;600;700&amp;family=Montserrat:wght@600;700;800&amp;display=swap","external","False","",""
"734","top-7-back-exercises-for-muscle-growth.html","28","https://cdn.jsdelivr.net/npm/bootstrap@5.3.0-alpha1/dist/css/bootstrap.min.css","external","False","",""
"735","top-7-back-exercises-for-muscle-growth.html","30","https://cdnjs.cloudflare.com/ajax/libs/font-awesome/6.4.0/css/all.min.css","external","False","",""
"736","top-7-back-exercises-for-muscle-growth.html","32","https://fonts.googleapis.com/css2?family=Poppins:wght@300;400;500;600;700&amp;family=Montserrat:wght@700;800;900&amp;display=swap","external","False","",""
"737","top-7-back-exercises-for-muscle-growth.html","34","https://cdn.jsdelivr.net/npm/lite-youtube-embed@0.3.3/src/lite-yt-embed.min.css","external","False","",""
"738","top-7-back-exercises-for-muscle-growth.html","453","https://cdnjs.cloudflare.com","external","False","",""
"739","top-7-back-exercises-for-muscle-growth.html","454","https://cdn.jsdelivr.net","external","False","",""
"740","top-7-back-exercises-for-muscle-growth.html","455","https://www.googletagmanager.com","external","False","",""
"741","top-7-back-exercises-for-muscle-growth.html","641","https://fonts.gstatic.com","external","False","",""
"742","top-7-back-exercises-for-muscle-growth.html","644","#main-content","anchor","False","",""
"743","top-7-back-exercises-for-muscle-growth.html","1292","workoutplanner.html","internal","True","E:\gym\abcv-main\abcv-main\workoutplanner.html","E:\gym\abcv-main\abcv-main\workoutplanner.html"
"744","top-7-back-exercises-for-muscle-growth.html","1293","dietplanner.html","internal","True","E:\gym\abcv-main\abcv-main\dietplanner.html","E:\gym\abcv-main\abcv-main\dietplanner.html"
"745","top-7-back-exercises-for-muscle-growth.html","1294","caloriecalculator.html","internal","True","E:\gym\abcv-main\abcv-main\caloriecalculator.html","E:\gym\abcv-main\abcv-main\caloriecalculator.html"
"746","top-7-back-exercises-for-muscle-growth.html","1295","nutrition.html","internal","True","E:\gym\abcv-main\abcv-main\nutrition.html","E:\gym\abcv-main\abcv-main\nutrition.html"
"747","top-7-back-exercises-for-muscle-growth.html","1296","gym-empire-arcade.html","internal","True","E:\gym\abcv-main\abcv-main\gym-empire-arcade.html","E:\gym\abcv-main\abcv-main\gym-empire-arcade.html"
"748","top-7-back-exercises-for-muscle-growth.html","1297","about.html","internal","True","E:\gym\abcv-main\abcv-main\about.html","E:\gym\abcv-main\abcv-main\about.html"
"749","top-7-back-exercises-for-muscle-growth.html","1298","faq.html","internal","True","E:\gym\abcv-main\abcv-main\faq.html","E:\gym\abcv-main\abcv-main\faq.html"
"750","top-7-back-exercises-for-muscle-growth.html","35","js/lite-yt-embed.min.js","internal","True","E:\gym\abcv-main\abcv-main\js\lite-yt-embed.min.js","E:\gym\abcv-main\abcv-main\js\lite-yt-embed.min.js"
"751","top-7-back-exercises-for-muscle-growth.html","452","js/ads.min.js","internal","True","E:\gym\abcv-main\abcv-main\js\ads.min.js","E:\gym\abcv-main\abcv-main\js\ads.min.js"
"752","top-7-back-exercises-for-muscle-growth.html","457","https://www.googletagmanager.com/gtag/js?id=G-J3YYRQ301T","external","False","",""
"753","top-7-back-exercises-for-muscle-growth.html","1234","https://cdn.jsdelivr.net/npm/bootstrap@5.3.0-alpha1/dist/js/bootstrap.bundle.min.js","external","False","",""
"754","top-7-back-exercises-for-muscle-growth.html","1304","layout.js","internal","True","E:\gym\abcv-main\abcv-main\layout.js","E:\gym\abcv-main\abcv-main\layout.js"
"755","top-5-bicep-exercises-for-muscle-growth.html","3","https://gymtranning.com/top-5-bicep-exercises-for-muscle-growth.html","external","False","",""
"756","top-5-bicep-exercises-for-muscle-growth.html","6","/favicon.ico","internal","True","E:\gym\abcv-main\abcv-main\favicon.ico","E:\gym\abcv-main\abcv-main\favicon.ico"
"757","top-5-bicep-exercises-for-muscle-growth.html","21","css/tailwind.min.css","internal","True","E:\gym\abcv-main\abcv-main\css\tailwind.min.css","E:\gym\abcv-main\abcv-main\css\tailwind.min.css"
"758","top-5-bicep-exercises-for-muscle-growth.html","23","https://fonts.googleapis.com/css2?family=Poppins:wght@300;400;500;600;700&amp;family=Montserrat:wght@600;700;800&amp;display=swap","external","False","",""
"759","top-5-bicep-exercises-for-muscle-growth.html","28","https://cdn.jsdelivr.net/npm/bootstrap@5.3.0-alpha1/dist/css/bootstrap.min.css","external","False","",""
"760","top-5-bicep-exercises-for-muscle-growth.html","30","https://cdnjs.cloudflare.com/ajax/libs/font-awesome/6.4.0/css/all.min.css","external","False","",""
"761","top-5-bicep-exercises-for-muscle-growth.html","32","https://fonts.googleapis.com/css2?family=Poppins:wght@300;400;500;600;700&amp;family=Montserrat:wght@700;800;900&amp;display=swap","external","False","",""
"762","top-5-bicep-exercises-for-muscle-growth.html","34","https://cdn.jsdelivr.net/npm/lite-youtube-embed@0.3.3/src/lite-yt-embed.min.css","external","False","",""
"763","top-5-bicep-exercises-for-muscle-growth.html","433","https://cdnjs.cloudflare.com","external","False","",""
"764","top-5-bicep-exercises-for-muscle-growth.html","434","https://cdn.jsdelivr.net","external","False","",""
"765","top-5-bicep-exercises-for-muscle-growth.html","435","https://www.googletagmanager.com","external","False","",""
"766","top-5-bicep-exercises-for-muscle-growth.html","621","https://fonts.gstatic.com","external","False","",""
"767","top-5-bicep-exercises-for-muscle-growth.html","624","#main-content","anchor","False","",""
"768","top-5-bicep-exercises-for-muscle-growth.html","949","workoutplanner.html","internal","True","E:\gym\abcv-main\abcv-main\workoutplanner.html","E:\gym\abcv-main\abcv-main\workoutplanner.html"
"769","top-5-bicep-exercises-for-muscle-growth.html","950","dietplanner.html","internal","True","E:\gym\abcv-main\abcv-main\dietplanner.html","E:\gym\abcv-main\abcv-main\dietplanner.html"
"770","top-5-bicep-exercises-for-muscle-growth.html","951","caloriecalculator.html","internal","True","E:\gym\abcv-main\abcv-main\caloriecalculator.html","E:\gym\abcv-main\abcv-main\caloriecalculator.html"
"771","top-5-bicep-exercises-for-muscle-growth.html","952","nutrition.html","internal","True","E:\gym\abcv-main\abcv-main\nutrition.html","E:\gym\abcv-main\abcv-main\nutrition.html"
"772","top-5-bicep-exercises-for-muscle-growth.html","953","gym-empire-arcade.html","internal","True","E:\gym\abcv-main\abcv-main\gym-empire-arcade.html","E:\gym\abcv-main\abcv-main\gym-empire-arcade.html"
"773","top-5-bicep-exercises-for-muscle-growth.html","954","about.html","internal","True","E:\gym\abcv-main\abcv-main\about.html","E:\gym\abcv-main\abcv-main\about.html"
"774","top-5-bicep-exercises-for-muscle-growth.html","955","faq.html","internal","True","E:\gym\abcv-main\abcv-main\faq.html","E:\gym\abcv-main\abcv-main\faq.html"
"775","top-5-bicep-exercises-for-muscle-growth.html","35","js/lite-yt-embed.min.js","internal","True","E:\gym\abcv-main\abcv-main\js\lite-yt-embed.min.js","E:\gym\abcv-main\abcv-main\js\lite-yt-embed.min.js"
"776","top-5-bicep-exercises-for-muscle-growth.html","432","js/ads.min.js","internal","True","E:\gym\abcv-main\abcv-main\js\ads.min.js","E:\gym\abcv-main\abcv-main\js\ads.min.js"
"777","top-5-bicep-exercises-for-muscle-growth.html","437","https://www.googletagmanager.com/gtag/js?id=G-J3YYRQ301T","external","False","",""
"778","top-5-bicep-exercises-for-muscle-growth.html","901","https://cdn.jsdelivr.net/npm/bootstrap@5.3.0-alpha1/dist/js/bootstrap.bundle.min.js","external","False","",""
"779","top-5-bicep-exercises-for-muscle-growth.html","961","layout.js","internal","True","E:\gym\abcv-main\abcv-main\layout.js","E:\gym\abcv-main\abcv-main\layout.js"
"780","blog\ultimate-guide-fat-loss-part-13.html","117","https://fonts.gstatic.com","external","False","",""
"781","blog\ultimate-guide-fat-loss-part-13.html","155","https://gymtranning.com/blog/ultimate-guide-fat-loss-part-13.html","external","False","",""
"782","blog\ultimate-guide-fat-loss-part-13.html","160","../favicon.ico","internal","True","E:\gym\abcv-main\abcv-main\favicon.ico","E:\gym\abcv-main\abcv-main\favicon.ico"
"783","blog\ultimate-guide-fat-loss-part-13.html","173","../css/tailwind.min.css","internal","True","E:\gym\abcv-main\abcv-main\css\tailwind.min.css","E:\gym\abcv-main\abcv-main\css\tailwind.min.css"
"784","blog\ultimate-guide-fat-loss-part-13.html","174","https://fonts.googleapis.com/css2?family=Poppins:wght@300;400;500;600;700&amp;family=Montserrat:wght@700;800;900&amp;display=swap","external","False","",""
"785","blog\ultimate-guide-fat-loss-part-13.html","175","https://cdnjs.cloudflare.com/ajax/libs/font-awesome/6.4.0/css/all.min.css","external","False","",""
"786","blog\ultimate-guide-fat-loss-part-13.html","180","./css/blog-post.min.css","internal","False","E:\gym\abcv-main\abcv-main\blog\css\blog-post.min.css","E:\gym\abcv-main\abcv-main\blog\css\blog-post.min.css"
"787","blog\ultimate-guide-fat-loss-part-13.html","208","#main-content","anchor","False","",""
"788","blog\ultimate-guide-fat-loss-part-13.html","214","/","internal","True","E:\gym\abcv-main\abcv-main\","E:\gym\abcv-main\abcv-main\"
"789","blog\ultimate-guide-fat-loss-part-13.html","216","../blog.html","internal","True","E:\gym\abcv-main\abcv-main\blog.html","E:\gym\abcv-main\abcv-main\blog.html"
"790","blog\ultimate-guide-fat-loss-part-13.html","233","twitter","internal","False","E:\gym\abcv-main\abcv-main\blog\twitter","E:\gym\abcv-main\abcv-main\blog\twitter"
"791","blog\ultimate-guide-fat-loss-part-13.html","234","facebook","internal","False","E:\gym\abcv-main\abcv-main\blog\facebook","E:\gym\abcv-main\abcv-main\blog\facebook"
"792","blog\ultimate-guide-fat-loss-part-13.html","235","copy","internal","False","E:\gym\abcv-main\abcv-main\blog\copy","E:\gym\abcv-main\abcv-main\blog\copy"
"793","blog\ultimate-guide-fat-loss-part-13.html","250","/caloriecalculator.html","internal","True","E:\gym\abcv-main\abcv-main\caloriecalculator.html","E:\gym\abcv-main\abcv-main\caloriecalculator.html"
"794","blog\ultimate-guide-fat-loss-part-13.html","333","ultimate-guide-fat-loss-part-20.html","internal","True","E:\gym\abcv-main\abcv-main\blog\ultimate-guide-fat-loss-part-20.html","E:\gym\abcv-main\abcv-main\blog\ultimate-guide-fat-loss-part-20.html"
"795","blog\ultimate-guide-fat-loss-part-13.html","357","../dietplanner.html","internal","True","E:\gym\abcv-main\abcv-main\dietplanner.html","E:\gym\abcv-main\abcv-main\dietplanner.html"
"796","blog\ultimate-guide-fat-loss-part-13.html","357","../workoutplanner.html","internal","True","E:\gym\abcv-main\abcv-main\workoutplanner.html","E:\gym\abcv-main\abcv-main\workoutplanner.html"
"797","blog\ultimate-guide-fat-loss-part-13.html","378","intermittent-fasting-guide.html","internal","True","E:\gym\abcv-main\abcv-main\blog\intermittent-fasting-guide.html","E:\gym\abcv-main\abcv-main\blog\intermittent-fasting-guide.html"
"798","blog\ultimate-guide-fat-loss-part-13.html","382","ultimate-guide-fat-loss-part-20.html","internal","True","E:\gym\abcv-main\abcv-main\blog\ultimate-guide-fat-loss-part-20.html","E:\gym\abcv-main\abcv-main\blog\ultimate-guide-fat-loss-part-20.html"
"799","blog\ultimate-guide-fat-loss-part-13.html","386","ultimate-guide-fat-loss-part-28.html","internal","True","E:\gym\abcv-main\abcv-main\blog\ultimate-guide-fat-loss-part-28.html","E:\gym\abcv-main\abcv-main\blog\ultimate-guide-fat-loss-part-28.html"
"800","blog\ultimate-guide-fat-loss-part-13.html","390","ultimate-guide-fat-loss-part-37.html","internal","True","E:\gym\abcv-main\abcv-main\blog\ultimate-guide-fat-loss-part-37.html","E:\gym\abcv-main\abcv-main\blog\ultimate-guide-fat-loss-part-37.html"
"801","blog\ultimate-guide-fat-loss-part-13.html","415","../medical_disclaimer.html","internal","True","E:\gym\abcv-main\abcv-main\medical_disclaimer.html","E:\gym\abcv-main\abcv-main\medical_disclaimer.html"
"802","blog\ultimate-guide-fat-loss-part-13.html","415","../editorial-policy.html","internal","True","E:\gym\abcv-main\abcv-main\editorial-policy.html","E:\gym\abcv-main\abcv-main\editorial-policy.html"
"803","blog\ultimate-guide-fat-loss-part-13.html","415","../affiliate-disclosure.html","internal","True","E:\gym\abcv-main\abcv-main\affiliate-disclosure.html","E:\gym\abcv-main\abcv-main\affiliate-disclosure.html"
"804","blog\ultimate-guide-fat-loss-part-13.html","426","leg-day-masterclass.html","internal","True","E:\gym\abcv-main\abcv-main\blog\leg-day-masterclass.html","E:\gym\abcv-main\abcv-main\blog\leg-day-masterclass.html"
"805","blog\ultimate-guide-fat-loss-part-13.html","432","science-based-bicep-growth.html","internal","True","E:\gym\abcv-main\abcv-main\blog\science-based-bicep-growth.html","E:\gym\abcv-main\abcv-main\blog\science-based-bicep-growth.html"
"806","blog\ultimate-guide-fat-loss-part-13.html","444","../dietplanner.html","internal","True","E:\gym\abcv-main\abcv-main\dietplanner.html","E:\gym\abcv-main\abcv-main\dietplanner.html"
"807","blog\ultimate-guide-fat-loss-part-13.html","454","../workoutplanner.html","internal","True","E:\gym\abcv-main\abcv-main\workoutplanner.html","E:\gym\abcv-main\abcv-main\workoutplanner.html"
"808","blog\ultimate-guide-fat-loss-part-13.html","455","../dietplanner.html","internal","True","E:\gym\abcv-main\abcv-main\dietplanner.html","E:\gym\abcv-main\abcv-main\dietplanner.html"
"809","blog\ultimate-guide-fat-loss-part-13.html","456","../caloriecalculator.html","internal","True","E:\gym\abcv-main\abcv-main\caloriecalculator.html","E:\gym\abcv-main\abcv-main\caloriecalculator.html"
"810","blog\ultimate-guide-fat-loss-part-13.html","457","../nutrition.html","internal","True","E:\gym\abcv-main\abcv-main\nutrition.html","E:\gym\abcv-main\abcv-main\nutrition.html"
"811","blog\ultimate-guide-fat-loss-part-13.html","458","../gym-empire-arcade.html","internal","True","E:\gym\abcv-main\abcv-main\gym-empire-arcade.html","E:\gym\abcv-main\abcv-main\gym-empire-arcade.html"
"812","blog\ultimate-guide-fat-loss-part-13.html","459","../about.html","internal","True","E:\gym\abcv-main\abcv-main\about.html","E:\gym\abcv-main\abcv-main\about.html"
"813","blog\ultimate-guide-fat-loss-part-13.html","460","../faq.html","internal","True","E:\gym\abcv-main\abcv-main\faq.html","E:\gym\abcv-main\abcv-main\faq.html"
"814","blog\ultimate-guide-fat-loss-part-13.html","176","../layout.js","internal","True","E:\gym\abcv-main\abcv-main\layout.js","E:\gym\abcv-main\abcv-main\layout.js"
"815","blog\ultimate-guide-fat-loss-part-13.html","177","./js/ads.min.js","internal","False","E:\gym\abcv-main\abcv-main\blog\js\ads.min.js","E:\gym\abcv-main\abcv-main\blog\js\ads.min.js"
"816","blog\ultimate-guide-fat-loss-part-13.html","227","https://ui-avatars.com/api/?name=GT&amp;background=00C9A7&amp;color=fff","external","False","",""
"817","blog\ultimate-guide-fat-loss-part-13.html","240","https://gymtranning.com/thumbnails/video-no-equipment-abs.jpg","external","False","",""
"818","blog\ultimate-guide-fat-loss-part-13.html","264","./thumbnails/video-no-equipment-abs.jpg","internal","False","E:\gym\abcv-main\abcv-main\blog\thumbnails\video-no-equipment-abs.jpg","E:\gym\abcv-main\abcv-main\blog\thumbnails\video-no-equipment-abs.jpg"
"819","blog\ultimate-guide-fat-loss-part-13.html","309","./thumbnails/video-abs-for-runners.jpg","internal","False","E:\gym\abcv-main\abcv-main\blog\thumbnails\video-abs-for-runners.jpg","E:\gym\abcv-main\abcv-main\blog\thumbnails\video-abs-for-runners.jpg"
"820","blog\ultimate-guide-fat-loss-part-13.html","347","./thumbnails/video-core-and-glute-activation.jpg","internal","False","E:\gym\abcv-main\abcv-main\blog\thumbnails\video-core-and-glute-activation.jpg","E:\gym\abcv-main\abcv-main\blog\thumbnails\video-core-and-glute-activation.jpg"
"821","blog\ultimate-guide-fat-loss-part-13.html","379","https://gymtranning.com/thumbnails/video-no-equipment-abs.jpg","external","False","",""
"822","blog\ultimate-guide-fat-loss-part-13.html","383","https://gymtranning.com/thumbnails/video-core-stability-workout.jpg","external","False","",""
"823","blog\ultimate-guide-fat-loss-part-13.html","387","https://gymtranning.com/thumbnails/video-mvi-0344.jpg","external","False","",""
"824","blog\ultimate-guide-fat-loss-part-13.html","391","https://gymtranning.com/thumbnails/video-inner-thigh-calf-sculpt-routine.jpg","external","False","",""
"825","blog\ultimate-guide-fat-loss-part-13.html","427","https://gymtranning.com/thumbnails/video-squat-tutorial.jpg","external","False","",""
"826","blog\ultimate-guide-fat-loss-part-13.html","433","https://gymtranning.com/thumbnails/video-biceps-blast-for-bigger-arms.jpg","external","False","",""
"827","blog\ultimate-guide-fat-loss-part-13.html","465","./js/blog-post.min.js","internal","False","E:\gym\abcv-main\abcv-main\blog\js\blog-post.min.js","E:\gym\abcv-main\abcv-main\blog\js\blog-post.min.js"
"828","blog\hiit-vs-liss.html","106","https://gymtranning.com/blog/hiit-vs-liss.html","external","False","",""
"829","blog\hiit-vs-liss.html","109","../favicon.ico","internal","True","E:\gym\abcv-main\abcv-main\favicon.ico","E:\gym\abcv-main\abcv-main\favicon.ico"
"830","blog\hiit-vs-liss.html","129","https://gymtranning.com/thumbnails/video-high-intensity-abs.jpg","external","False","",""
"831","blog\hiit-vs-liss.html","133","https://fonts.googleapis.com&amp;display=swap","external","False","",""
"832","blog\hiit-vs-liss.html","134","https://fonts.gstatic.com","external","False","",""
"833","blog\hiit-vs-liss.html","136","../css/tailwind.min.css","internal","True","E:\gym\abcv-main\abcv-main\css\tailwind.min.css","E:\gym\abcv-main\abcv-main\css\tailwind.min.css"
"834","blog\hiit-vs-liss.html","138","https://fonts.googleapis.com/css2?family=Poppins:wght@300;400;500;600;700&amp;family=Montserrat:wght@700;800;900&amp;display=swap","external","False","",""
"835","blog\hiit-vs-liss.html","139","https://cdnjs.cloudflare.com/ajax/libs/font-awesome/6.4.0/css/all.min.css","external","False","",""
"836","blog\hiit-vs-liss.html","140","https://cdnjs.cloudflare.com/ajax/libs/font-awesome/6.4.0/css/all.min.css","external","False","",""
"837","blog\hiit-vs-liss.html","145","https://cdnjs.cloudflare.com","external","False","",""
"838","blog\hiit-vs-liss.html","146","https://cdn.jsdelivr.net","external","False","",""
"839","blog\hiit-vs-liss.html","147","https://www.googletagmanager.com","external","False","",""
"840","blog\hiit-vs-liss.html","170","./css/blog-post.min.css","internal","False","E:\gym\abcv-main\abcv-main\blog\css\blog-post.min.css","E:\gym\abcv-main\abcv-main\blog\css\blog-post.min.css"
"841","blog\hiit-vs-liss.html","196","#main-content","anchor","False","",""
"842","blog\hiit-vs-liss.html","202","/","internal","True","E:\gym\abcv-main\abcv-main\","E:\gym\abcv-main\abcv-main\"
"843","blog\hiit-vs-liss.html","204","../blog.html","internal","True","E:\gym\abcv-main\abcv-main\blog.html","E:\gym\abcv-main\abcv-main\blog.html"
"844","blog\hiit-vs-liss.html","215","https://www.facebook.com/sharer/sharer.php?u=https%3A%2F%2Fgymtranning.com%2Fblog%2Fhiit-vs-liss.html","external","False","",""
"845","blog\hiit-vs-liss.html","285","ultimate-guide-cardio-part-11.html","internal","True","E:\gym\abcv-main\abcv-main\blog\ultimate-guide-cardio-part-11.html","E:\gym\abcv-main\abcv-main\blog\ultimate-guide-cardio-part-11.html"
"846","blog\hiit-vs-liss.html","312","ultimate-guide-fat-loss-part-13.html","internal","True","E:\gym\abcv-main\abcv-main\blog\ultimate-guide-fat-loss-part-13.html","E:\gym\abcv-main\abcv-main\blog\ultimate-guide-fat-loss-part-13.html"
"847","blog\hiit-vs-liss.html","379","../workoutplanner.html","internal","True","E:\gym\abcv-main\abcv-main\workoutplanner.html","E:\gym\abcv-main\abcv-main\workoutplanner.html"
"848","blog\hiit-vs-liss.html","379","../dietplanner.html","internal","True","E:\gym\abcv-main\abcv-main\dietplanner.html","E:\gym\abcv-main\abcv-main\dietplanner.html"
"849","blog\hiit-vs-liss.html","379","../caloriecalculator.html","internal","True","E:\gym\abcv-main\abcv-main\caloriecalculator.html","E:\gym\abcv-main\abcv-main\caloriecalculator.html"
"850","blog\hiit-vs-liss.html","406","ultimate-guide-cardio-part-11.html","internal","True","E:\gym\abcv-main\abcv-main\blog\ultimate-guide-cardio-part-11.html","E:\gym\abcv-main\abcv-main\blog\ultimate-guide-cardio-part-11.html"
"851","blog\hiit-vs-liss.html","410","ultimate-guide-cardio-part-42.html","internal","True","E:\gym\abcv-main\abcv-main\blog\ultimate-guide-cardio-part-42.html","E:\gym\abcv-main\abcv-main\blog\ultimate-guide-cardio-part-42.html"
"852","blog\hiit-vs-liss.html","414","ultimate-guide-cardio-part-74.html","internal","True","E:\gym\abcv-main\abcv-main\blog\ultimate-guide-cardio-part-74.html","E:\gym\abcv-main\abcv-main\blog\ultimate-guide-cardio-part-74.html"
"853","blog\hiit-vs-liss.html","418","ultimate-guide-cardio-part-75.html","internal","True","E:\gym\abcv-main\abcv-main\blog\ultimate-guide-cardio-part-75.html","E:\gym\abcv-main\abcv-main\blog\ultimate-guide-cardio-part-75.html"
"854","blog\hiit-vs-liss.html","442","../medical_disclaimer.html","internal","True","E:\gym\abcv-main\abcv-main\medical_disclaimer.html","E:\gym\abcv-main\abcv-main\medical_disclaimer.html"
"855","blog\hiit-vs-liss.html","442","../editorial-policy.html","internal","True","E:\gym\abcv-main\abcv-main\editorial-policy.html","E:\gym\abcv-main\abcv-main\editorial-policy.html"
"856","blog\hiit-vs-liss.html","442","../affiliate-disclosure.html","internal","True","E:\gym\abcv-main\abcv-main\affiliate-disclosure.html","E:\gym\abcv-main\abcv-main\affiliate-disclosure.html"
"857","blog\hiit-vs-liss.html","453","pre-post-workout-nutrition.html","internal","True","E:\gym\abcv-main\abcv-main\blog\pre-post-workout-nutrition.html","E:\gym\abcv-main\abcv-main\blog\pre-post-workout-nutrition.html"
"858","blog\hiit-vs-liss.html","461","understanding-doms.html","internal","True","E:\gym\abcv-main\abcv-main\blog\understanding-doms.html","E:\gym\abcv-main\abcv-main\blog\understanding-doms.html"
"859","blog\hiit-vs-liss.html","469","home-gym-budget.html","internal","True","E:\gym\abcv-main\abcv-main\blog\home-gym-budget.html","E:\gym\abcv-main\abcv-main\blog\home-gym-budget.html"
"860","blog\hiit-vs-liss.html","484","../caloriecalculator.html","internal","True","E:\gym\abcv-main\abcv-main\caloriecalculator.html","E:\gym\abcv-main\abcv-main\caloriecalculator.html"
"861","blog\hiit-vs-liss.html","495","../workoutplanner.html","internal","True","E:\gym\abcv-main\abcv-main\workoutplanner.html","E:\gym\abcv-main\abcv-main\workoutplanner.html"
"862","blog\hiit-vs-liss.html","496","../dietplanner.html","internal","True","E:\gym\abcv-main\abcv-main\dietplanner.html","E:\gym\abcv-main\abcv-main\dietplanner.html"
"863","blog\hiit-vs-liss.html","497","../caloriecalculator.html","internal","True","E:\gym\abcv-main\abcv-main\caloriecalculator.html","E:\gym\abcv-main\abcv-main\caloriecalculator.html"
"864","blog\hiit-vs-liss.html","498","../nutrition.html","internal","True","E:\gym\abcv-main\abcv-main\nutrition.html","E:\gym\abcv-main\abcv-main\nutrition.html"
"865","blog\hiit-vs-liss.html","499","../gym-empire-arcade.html","internal","True","E:\gym\abcv-main\abcv-main\gym-empire-arcade.html","E:\gym\abcv-main\abcv-main\gym-empire-arcade.html"
"866","blog\hiit-vs-liss.html","500","../about.html","internal","True","E:\gym\abcv-main\abcv-main\about.html","E:\gym\abcv-main\abcv-main\about.html"
"867","blog\hiit-vs-liss.html","501","../faq.html","internal","True","E:\gym\abcv-main\abcv-main\faq.html","E:\gym\abcv-main\abcv-main\faq.html"
"868","blog\hiit-vs-liss.html","142","./js/lite-yt-embed.min.js","internal","False","E:\gym\abcv-main\abcv-main\blog\js\lite-yt-embed.min.js","E:\gym\abcv-main\abcv-main\blog\js\lite-yt-embed.min.js"
"869","blog\hiit-vs-liss.html","143","../layout.js","internal","True","E:\gym\abcv-main\abcv-main\layout.js","E:\gym\abcv-main\abcv-main\layout.js"
"870","blog\hiit-vs-liss.html","144","./js/ads.min.js","internal","False","E:\gym\abcv-main\abcv-main\blog\js\ads.min.js","E:\gym\abcv-main\abcv-main\blog\js\ads.min.js"
"871","blog\hiit-vs-liss.html","149","https://www.googletagmanager.com/gtag/js?id=G-J3YYRQ301T","external","False","",""
"872","blog\hiit-vs-liss.html","217","https://gymtranning.com/thumbnails/video-high-intensity-abs.jpg","external","False","",""
"873","blog\hiit-vs-liss.html","253","./thumbnails/video-high-intensity-abs.jpg","internal","False","E:\gym\abcv-main\abcv-main\blog\thumbnails\video-high-intensity-abs.jpg","E:\gym\abcv-main\abcv-main\blog\thumbnails\video-high-intensity-abs.jpg"
"874","blog\hiit-vs-liss.html","275","./thumbnails/video-high-intensity-abs.jpg","internal","False","E:\gym\abcv-main\abcv-main\blog\thumbnails\video-high-intensity-abs.jpg","E:\gym\abcv-main\abcv-main\blog\thumbnails\video-high-intensity-abs.jpg"
"875","blog\hiit-vs-liss.html","297","./thumbnails/video-mvi-0348.jpg","internal","False","E:\gym\abcv-main\abcv-main\blog\thumbnails\video-mvi-0348.jpg","E:\gym\abcv-main\abcv-main\blog\thumbnails\video-mvi-0348.jpg"
"876","blog\hiit-vs-liss.html","407","https://gymtranning.com/thumbnails/video-mvi-0361.jpg","external","False","",""
"877","blog\hiit-vs-liss.html","411","https://gymtranning.com/thumbnails/video-resistance-band-warmup.jpg","external","False","",""
"878","blog\hiit-vs-liss.html","415","https://gymtranning.com/thumbnails/video-mvi-0362.jpg","external","False","",""
"879","blog\hiit-vs-liss.html","419","https://gymtranning.com/thumbnails/video-post-workout-cool-down.jpg","external","False","",""
"880","blog\hiit-vs-liss.html","454","https://gymtranning.com/thumbnails/video-mvi-0343.jpg","external","False","",""
"881","blog\hiit-vs-liss.html","462","https://gymtranning.com/thumbnails/video-dyanmic-flow-stretching.jpg","external","False","",""
"882","blog\hiit-vs-liss.html","470","https://gymtranning.com/thumbnails/video-mvi-0341.jpg","external","False","",""
"883","blog\hiit-vs-liss.html","506","./js/blog-post.min.js","internal","False","E:\gym\abcv-main\abcv-main\blog\js\blog-post.min.js","E:\gym\abcv-main\abcv-main\blog\js\blog-post.min.js"
"884","blog\progressive-overload-guide.html","153","https://gymtranning.com/blog/progressive-overload-guide.html","external","False","",""
"885","blog\progressive-overload-guide.html","156","../favicon.ico","internal","True","E:\gym\abcv-main\abcv-main\favicon.ico","E:\gym\abcv-main\abcv-main\favicon.ico"
"886","blog\progressive-overload-guide.html","176","https://gymtranning.com/thumbnails/video-core-and-glute-activation.jpg","external","False","",""
"887","blog\progressive-overload-guide.html","182","https://fonts.googleapis.com&amp;display=swap","external","False","",""
"888","blog\progressive-overload-guide.html","183","https://fonts.gstatic.com","external","False","",""
"889","blog\progressive-overload-guide.html","185","../css/tailwind.min.css","internal","True","E:\gym\abcv-main\abcv-main\css\tailwind.min.css","E:\gym\abcv-main\abcv-main\css\tailwind.min.css"
"890","blog\progressive-overload-guide.html","187","https://fonts.googleapis.com/css2?family=Poppins:wght@300;400;500;600;700&amp;family=Montserrat:wght@700;800;900&amp;display=swap","external","False","",""
"891","blog\progressive-overload-guide.html","188","https://cdnjs.cloudflare.com/ajax/libs/font-awesome/6.4.0/css/all.min.css","external","False","",""
"892","blog\progressive-overload-guide.html","189","https://cdnjs.cloudflare.com/ajax/libs/font-awesome/6.4.0/css/all.min.css","external","False","",""
"893","blog\progressive-overload-guide.html","194","https://cdnjs.cloudflare.com","external","False","",""
"894","blog\progressive-overload-guide.html","195","https://cdn.jsdelivr.net","external","False","",""
"895","blog\progressive-overload-guide.html","196","https://www.googletagmanager.com","external","False","",""
"896","blog\progressive-overload-guide.html","219","./css/blog-post.min.css","internal","False","E:\gym\abcv-main\abcv-main\blog\css\blog-post.min.css","E:\gym\abcv-main\abcv-main\blog\css\blog-post.min.css"
"897","blog\progressive-overload-guide.html","247","#main-content","anchor","False","",""
"898","blog\progressive-overload-guide.html","253","/","internal","True","E:\gym\abcv-main\abcv-main\","E:\gym\abcv-main\abcv-main\"
"899","blog\progressive-overload-guide.html","255","../blog.html","internal","True","E:\gym\abcv-main\abcv-main\blog.html","E:\gym\abcv-main\abcv-main\blog.html"
"900","blog\progressive-overload-guide.html","266","https://www.facebook.com/sharer/sharer.php?u=https%3A%2F%2Fgymtranning.com%2Fblog%2Fprogressive-overload-guide.html","external","False","",""
"901","blog\progressive-overload-guide.html","286","ultimate-guide-muscle-gain-part-19.html","internal","True","E:\gym\abcv-main\abcv-main\blog\ultimate-guide-muscle-gain-part-19.html","E:\gym\abcv-main\abcv-main\blog\ultimate-guide-muscle-gain-part-19.html"
"902","blog\progressive-overload-guide.html","312","../workoutplanner.html","internal","True","E:\gym\abcv-main\abcv-main\workoutplanner.html","E:\gym\abcv-main\abcv-main\workoutplanner.html"
"903","blog\progressive-overload-guide.html","312","../dietplanner.html","internal","True","E:\gym\abcv-main\abcv-main\dietplanner.html","E:\gym\abcv-main\abcv-main\dietplanner.html"
"904","blog\progressive-overload-guide.html","312","../caloriecalculator.html","internal","True","E:\gym\abcv-main\abcv-main\caloriecalculator.html","E:\gym\abcv-main\abcv-main\caloriecalculator.html"
"905","blog\progressive-overload-guide.html","315","mastering-the-bench-press.html","internal","True","E:\gym\abcv-main\abcv-main\blog\mastering-the-bench-press.html","E:\gym\abcv-main\abcv-main\blog\mastering-the-bench-press.html"
"906","blog\progressive-overload-guide.html","338","../workoutplanner.html","internal","True","E:\gym\abcv-main\abcv-main\workoutplanner.html","E:\gym\abcv-main\abcv-main\workoutplanner.html"
"907","blog\progressive-overload-guide.html","338","../dietplanner.html","internal","True","E:\gym\abcv-main\abcv-main\dietplanner.html","E:\gym\abcv-main\abcv-main\dietplanner.html"
"908","blog\progressive-overload-guide.html","338","../caloriecalculator.html","internal","True","E:\gym\abcv-main\abcv-main\caloriecalculator.html","E:\gym\abcv-main\abcv-main\caloriecalculator.html"
"909","blog\progressive-overload-guide.html","342","ultimate-guide-strength-training-part-2.html","internal","True","E:\gym\abcv-main\abcv-main\blog\ultimate-guide-strength-training-part-2.html","E:\gym\abcv-main\abcv-main\blog\ultimate-guide-strength-training-part-2.html"
"910","blog\progressive-overload-guide.html","368","../workoutplanner.html","internal","True","E:\gym\abcv-main\abcv-main\workoutplanner.html","E:\gym\abcv-main\abcv-main\workoutplanner.html"
"911","blog\progressive-overload-guide.html","368","../dietplanner.html","internal","True","E:\gym\abcv-main\abcv-main\dietplanner.html","E:\gym\abcv-main\abcv-main\dietplanner.html"
"912","blog\progressive-overload-guide.html","368","../caloriecalculator.html","internal","True","E:\gym\abcv-main\abcv-main\caloriecalculator.html","E:\gym\abcv-main\abcv-main\caloriecalculator.html"
"913","blog\progressive-overload-guide.html","417","science-based-bicep-growth.html","internal","True","E:\gym\abcv-main\abcv-main\blog\science-based-bicep-growth.html","E:\gym\abcv-main\abcv-main\blog\science-based-bicep-growth.html"
"914","blog\progressive-overload-guide.html","421","targeting-three-deltoid-heads.html","internal","True","E:\gym\abcv-main\abcv-main\blog\targeting-three-deltoid-heads.html","E:\gym\abcv-main\abcv-main\blog\targeting-three-deltoid-heads.html"
"915","blog\progressive-overload-guide.html","425","ultimate-guide-muscle-gain-part-19.html","internal","True","E:\gym\abcv-main\abcv-main\blog\ultimate-guide-muscle-gain-part-19.html","E:\gym\abcv-main\abcv-main\blog\ultimate-guide-muscle-gain-part-19.html"
"916","blog\progressive-overload-guide.html","429","ultimate-guide-muscle-gain-part-23.html","internal","True","E:\gym\abcv-main\abcv-main\blog\ultimate-guide-muscle-gain-part-23.html","E:\gym\abcv-main\abcv-main\blog\ultimate-guide-muscle-gain-part-23.html"
"917","blog\progressive-overload-guide.html","453","../medical_disclaimer.html","internal","True","E:\gym\abcv-main\abcv-main\medical_disclaimer.html","E:\gym\abcv-main\abcv-main\medical_disclaimer.html"
"918","blog\progressive-overload-guide.html","453","../editorial-policy.html","internal","True","E:\gym\abcv-main\abcv-main\editorial-policy.html","E:\gym\abcv-main\abcv-main\editorial-policy.html"
"919","blog\progressive-overload-guide.html","453","../affiliate-disclosure.html","internal","True","E:\gym\abcv-main\abcv-main\affiliate-disclosure.html","E:\gym\abcv-main\abcv-main\affiliate-disclosure.html"
"920","blog\progressive-overload-guide.html","464","overcoming-training-plateau.html","internal","True","E:\gym\abcv-main\abcv-main\blog\overcoming-training-plateau.html","E:\gym\abcv-main\abcv-main\blog\overcoming-training-plateau.html"
"921","blog\progressive-overload-guide.html","472","pre-post-workout-nutrition.html","internal","True","E:\gym\abcv-main\abcv-main\blog\pre-post-workout-nutrition.html","E:\gym\abcv-main\abcv-main\blog\pre-post-workout-nutrition.html"
"922","blog\progressive-overload-guide.html","480","mastering-the-bench-press.html","internal","True","E:\gym\abcv-main\abcv-main\blog\mastering-the-bench-press.html","E:\gym\abcv-main\abcv-main\blog\mastering-the-bench-press.html"
"923","blog\progressive-overload-guide.html","495","../blog.html","internal","True","E:\gym\abcv-main\abcv-main\blog.html","E:\gym\abcv-main\abcv-main\blog.html"
"924","blog\progressive-overload-guide.html","506","../workoutplanner.html","internal","True","E:\gym\abcv-main\abcv-main\workoutplanner.html","E:\gym\abcv-main\abcv-main\workoutplanner.html"
"925","blog\progressive-overload-guide.html","507","../dietplanner.html","internal","True","E:\gym\abcv-main\abcv-main\dietplanner.html","E:\gym\abcv-main\abcv-main\dietplanner.html"
"926","blog\progressive-overload-guide.html","508","../caloriecalculator.html","internal","True","E:\gym\abcv-main\abcv-main\caloriecalculator.html","E:\gym\abcv-main\abcv-main\caloriecalculator.html"
"927","blog\progressive-overload-guide.html","509","../nutrition.html","internal","True","E:\gym\abcv-main\abcv-main\nutrition.html","E:\gym\abcv-main\abcv-main\nutrition.html"
"928","blog\progressive-overload-guide.html","510","../gym-empire-arcade.html","internal","True","E:\gym\abcv-main\abcv-main\gym-empire-arcade.html","E:\gym\abcv-main\abcv-main\gym-empire-arcade.html"
"929","blog\progressive-overload-guide.html","511","../about.html","internal","True","E:\gym\abcv-main\abcv-main\about.html","E:\gym\abcv-main\abcv-main\about.html"
"930","blog\progressive-overload-guide.html","512","../faq.html","internal","True","E:\gym\abcv-main\abcv-main\faq.html","E:\gym\abcv-main\abcv-main\faq.html"
"931","blog\progressive-overload-guide.html","191","./js/lite-yt-embed.min.js","internal","False","E:\gym\abcv-main\abcv-main\blog\js\lite-yt-embed.min.js","E:\gym\abcv-main\abcv-main\blog\js\lite-yt-embed.min.js"
"932","blog\progressive-overload-guide.html","192","../layout.js","internal","True","E:\gym\abcv-main\abcv-main\layout.js","E:\gym\abcv-main\abcv-main\layout.js"
"933","blog\progressive-overload-guide.html","193","./js/ads.min.js","internal","False","E:\gym\abcv-main\abcv-main\blog\js\ads.min.js","E:\gym\abcv-main\abcv-main\blog\js\ads.min.js"
"934","blog\progressive-overload-guide.html","198","https://www.googletagmanager.com/gtag/js?id=G-J3YYRQ301T","external","False","",""
"935","blog\progressive-overload-guide.html","268","https://gymtranning.com/thumbnails/video-core-and-glute-activation.jpg","external","False","",""
"936","blog\progressive-overload-guide.html","304","./thumbnails/video-core-and-glute-activation.jpg","internal","False","E:\gym\abcv-main\abcv-main\blog\thumbnails\video-core-and-glute-activation.jpg","E:\gym\abcv-main\abcv-main\blog\thumbnails\video-core-and-glute-activation.jpg"
"937","blog\progressive-overload-guide.html","330","./thumbnails/video-back-strength-training-essentials.jpg","internal","False","E:\gym\abcv-main\abcv-main\blog\thumbnails\video-back-strength-training-essentials.jpg","E:\gym\abcv-main\abcv-main\blog\thumbnails\video-back-strength-training-essentials.jpg"
"938","blog\progressive-overload-guide.html","360","./thumbnails/video-dumbbell-lateral-raises-mastery.jpg","internal","False","E:\gym\abcv-main\abcv-main\blog\thumbnails\video-dumbbell-lateral-raises-mastery.jpg","E:\gym\abcv-main\abcv-main\blog\thumbnails\video-dumbbell-lateral-raises-mastery.jpg"
"939","blog\progressive-overload-guide.html","418","https://gymtranning.com/thumbnails/video-biceps-blast-for-bigger-arms.jpg","external","False","",""
"940","blog\progressive-overload-guide.html","422","https://gymtranning.com/thumbnails/video-dumbbell-lateral-raises-mastery.jpg","external","False","",""
"941","blog\progressive-overload-guide.html","426","https://gymtranning.com/thumbnails/video-mvi-0188.jpg","external","False","",""
"942","blog\progressive-overload-guide.html","430","https://gymtranning.com/thumbnails/video-mvi-0255.jpg","external","False","",""
"943","blog\progressive-overload-guide.html","465","https://gymtranning.com/thumbnails/video-core-and-glute-activation.jpg","external","False","",""
"944","blog\progressive-overload-guide.html","473","https://gymtranning.com/thumbnails/video-mvi-0343.jpg","external","False","",""
"945","blog\progressive-overload-guide.html","481","https://gymtranning.com/thumbnails/video-advanced-chest-supersets.jpg","external","False","",""
"946","blog\progressive-overload-guide.html","517","./js/blog-post.min.js","internal","False","E:\gym\abcv-main\abcv-main\blog\js\blog-post.min.js","E:\gym\abcv-main\abcv-main\blog\js\blog-post.min.js"
"947","blog\home-gym-budget.html","106","https://gymtranning.com/blog/home-gym-budget.html","external","False","",""
"948","blog\home-gym-budget.html","109","../favicon.ico","internal","True","E:\gym\abcv-main\abcv-main\favicon.ico","E:\gym\abcv-main\abcv-main\favicon.ico"
"949","blog\home-gym-budget.html","120","https://gymtranning.com/thumbnails/video-mvi-0341.jpg","external","False","",""
"950","blog\home-gym-budget.html","133","https://fonts.googleapis.com&amp;display=swap","external","False","",""
"951","blog\home-gym-budget.html","134","https://fonts.gstatic.com","external","False","",""
"952","blog\home-gym-budget.html","136","../css/tailwind.min.css","internal","True","E:\gym\abcv-main\abcv-main\css\tailwind.min.css","E:\gym\abcv-main\abcv-main\css\tailwind.min.css"
"953","blog\home-gym-budget.html","138","https://fonts.googleapis.com/css2?family=Poppins:wght@300;400;500;600;700&amp;family=Montserrat:wght@700;800;900&amp;display=swap","external","False","",""
"954","blog\home-gym-budget.html","139","https://cdnjs.cloudflare.com/ajax/libs/font-awesome/6.4.0/css/all.min.css","external","False","",""
"955","blog\home-gym-budget.html","140","https://cdnjs.cloudflare.com/ajax/libs/font-awesome/6.4.0/css/all.min.css","external","False","",""
"956","blog\home-gym-budget.html","145","https://cdnjs.cloudflare.com","external","False","",""
"957","blog\home-gym-budget.html","146","https://cdn.jsdelivr.net","external","False","",""
"958","blog\home-gym-budget.html","147","https://www.googletagmanager.com","external","False","",""
"959","blog\home-gym-budget.html","170","./css/blog-post.min.css","internal","False","E:\gym\abcv-main\abcv-main\blog\css\blog-post.min.css","E:\gym\abcv-main\abcv-main\blog\css\blog-post.min.css"
"960","blog\home-gym-budget.html","196","#main-content","anchor","False","",""
"961","blog\home-gym-budget.html","202","/","internal","True","E:\gym\abcv-main\abcv-main\","E:\gym\abcv-main\abcv-main\"
"962","blog\home-gym-budget.html","204","../blog.html","internal","True","E:\gym\abcv-main\abcv-main\blog.html","E:\gym\abcv-main\abcv-main\blog.html"
"963","blog\home-gym-budget.html","214","https://www.facebook.com/sharer/sharer.php?u=https%3A%2F%2Fgymtranning.com%2Fblog%2Fhome-gym-budget.html","external","False","",""
"964","blog\home-gym-budget.html","301","kettlebell-training-strength.html","internal","True","E:\gym\abcv-main\abcv-main\blog\kettlebell-training-strength.html","E:\gym\abcv-main\abcv-main\blog\kettlebell-training-strength.html"
"965","blog\home-gym-budget.html","382","../workoutplanner.html","internal","True","E:\gym\abcv-main\abcv-main\workoutplanner.html","E:\gym\abcv-main\abcv-main\workoutplanner.html"
"966","blog\home-gym-budget.html","382","../dietplanner.html","internal","True","E:\gym\abcv-main\abcv-main\dietplanner.html","E:\gym\abcv-main\abcv-main\dietplanner.html"
"967","blog\home-gym-budget.html","382","../caloriecalculator.html","internal","True","E:\gym\abcv-main\abcv-main\caloriecalculator.html","E:\gym\abcv-main\abcv-main\caloriecalculator.html"
"968","blog\home-gym-budget.html","392","home-workout-essentials.html","internal","True","E:\gym\abcv-main\abcv-main\blog\home-workout-essentials.html","E:\gym\abcv-main\abcv-main\blog\home-workout-essentials.html"
"969","blog\home-gym-budget.html","433","home-workout-essentials.html","internal","True","E:\gym\abcv-main\abcv-main\blog\home-workout-essentials.html","E:\gym\abcv-main\abcv-main\blog\home-workout-essentials.html"
"970","blog\home-gym-budget.html","437","ultimate-guide-home-workouts-part-12.html","internal","True","E:\gym\abcv-main\abcv-main\blog\ultimate-guide-home-workouts-part-12.html","E:\gym\abcv-main\abcv-main\blog\ultimate-guide-home-workouts-part-12.html"
"971","blog\home-gym-budget.html","441","ultimate-guide-home-workouts-part-34.html","internal","True","E:\gym\abcv-main\abcv-main\blog\ultimate-guide-home-workouts-part-34.html","E:\gym\abcv-main\abcv-main\blog\ultimate-guide-home-workouts-part-34.html"
"972","blog\home-gym-budget.html","445","ultimate-guide-home-workouts-part-45.html","internal","True","E:\gym\abcv-main\abcv-main\blog\ultimate-guide-home-workouts-part-45.html","E:\gym\abcv-main\abcv-main\blog\ultimate-guide-home-workouts-part-45.html"
"973","blog\home-gym-budget.html","469","../medical_disclaimer.html","internal","True","E:\gym\abcv-main\abcv-main\medical_disclaimer.html","E:\gym\abcv-main\abcv-main\medical_disclaimer.html"
"974","blog\home-gym-budget.html","469","../editorial-policy.html","internal","True","E:\gym\abcv-main\abcv-main\editorial-policy.html","E:\gym\abcv-main\abcv-main\editorial-policy.html"
"975","blog\home-gym-budget.html","469","../affiliate-disclosure.html","internal","True","E:\gym\abcv-main\abcv-main\affiliate-disclosure.html","E:\gym\abcv-main\abcv-main\affiliate-disclosure.html"
"976","blog\home-gym-budget.html","480","home-workout-essentials.html","internal","True","E:\gym\abcv-main\abcv-main\blog\home-workout-essentials.html","E:\gym\abcv-main\abcv-main\blog\home-workout-essentials.html"
"977","blog\home-gym-budget.html","488","hiit-vs-liss.html","internal","True","E:\gym\abcv-main\abcv-main\blog\hiit-vs-liss.html","E:\gym\abcv-main\abcv-main\blog\hiit-vs-liss.html"
"978","blog\home-gym-budget.html","496","macro-counting-101.html","internal","True","E:\gym\abcv-main\abcv-main\blog\macro-counting-101.html","E:\gym\abcv-main\abcv-main\blog\macro-counting-101.html"
"979","blog\home-gym-budget.html","511","../dietplanner.html","internal","True","E:\gym\abcv-main\abcv-main\dietplanner.html","E:\gym\abcv-main\abcv-main\dietplanner.html"
"980","blog\home-gym-budget.html","522","../workoutplanner.html","internal","True","E:\gym\abcv-main\abcv-main\workoutplanner.html","E:\gym\abcv-main\abcv-main\workoutplanner.html"
"981","blog\home-gym-budget.html","523","../dietplanner.html","internal","True","E:\gym\abcv-main\abcv-main\dietplanner.html","E:\gym\abcv-main\abcv-main\dietplanner.html"
"982","blog\home-gym-budget.html","524","../caloriecalculator.html","internal","True","E:\gym\abcv-main\abcv-main\caloriecalculator.html","E:\gym\abcv-main\abcv-main\caloriecalculator.html"
"983","blog\home-gym-budget.html","525","../nutrition.html","internal","True","E:\gym\abcv-main\abcv-main\nutrition.html","E:\gym\abcv-main\abcv-main\nutrition.html"
"984","blog\home-gym-budget.html","526","../gym-empire-arcade.html","internal","True","E:\gym\abcv-main\abcv-main\gym-empire-arcade.html","E:\gym\abcv-main\abcv-main\gym-empire-arcade.html"
"985","blog\home-gym-budget.html","527","../about.html","internal","True","E:\gym\abcv-main\abcv-main\about.html","E:\gym\abcv-main\abcv-main\about.html"
"986","blog\home-gym-budget.html","528","../faq.html","internal","True","E:\gym\abcv-main\abcv-main\faq.html","E:\gym\abcv-main\abcv-main\faq.html"
"987","blog\home-gym-budget.html","142","./js/lite-yt-embed.min.js","internal","False","E:\gym\abcv-main\abcv-main\blog\js\lite-yt-embed.min.js","E:\gym\abcv-main\abcv-main\blog\js\lite-yt-embed.min.js"
"988","blog\home-gym-budget.html","143","../layout.js","internal","True","E:\gym\abcv-main\abcv-main\layout.js","E:\gym\abcv-main\abcv-main\layout.js"
"989","blog\home-gym-budget.html","144","./js/ads.min.js","internal","False","E:\gym\abcv-main\abcv-main\blog\js\ads.min.js","E:\gym\abcv-main\abcv-main\blog\js\ads.min.js"
"990","blog\home-gym-budget.html","149","https://www.googletagmanager.com/gtag/js?id=G-J3YYRQ301T","external","False","",""
"991","blog\home-gym-budget.html","216","https://gymtranning.com/thumbnails/video-mvi-0341.jpg","external","False","",""
"992","blog\home-gym-budget.html","268","./thumbnails/video-mvi-0341.jpg","internal","False","E:\gym\abcv-main\abcv-main\blog\thumbnails\video-mvi-0341.jpg","E:\gym\abcv-main\abcv-main\blog\thumbnails\video-mvi-0341.jpg"
"993","blog\home-gym-budget.html","289","./thumbnails/video-home-back-workout.jpg","internal","False","E:\gym\abcv-main\abcv-main\blog\thumbnails\video-home-back-workout.jpg","E:\gym\abcv-main\abcv-main\blog\thumbnails\video-home-back-workout.jpg"
"994","blog\home-gym-budget.html","320","./thumbnails/video-no-equipment-abs.jpg","internal","False","E:\gym\abcv-main\abcv-main\blog\thumbnails\video-no-equipment-abs.jpg","E:\gym\abcv-main\abcv-main\blog\thumbnails\video-no-equipment-abs.jpg"
"995","blog\home-gym-budget.html","434","https://gymtranning.com/thumbnails/video-mvi-0341.jpg","external","False","",""
"996","blog\home-gym-budget.html","438","https://gymtranning.com/thumbnails/video-mvi-0315.jpg","external","False","",""
"997","blog\home-gym-budget.html","442","https://gymtranning.com/thumbnails/video-home-calves-routine-for-bigger-lower-legs.jpg","external","False","",""
"998","blog\home-gym-budget.html","446","https://gymtranning.com/thumbnails/video-massive-arms-dumbbell-workout.jpg","external","False","",""
"999","blog\home-gym-budget.html","481","https://gymtranning.com/thumbnails/video-mvi-0341.jpg","external","False","",""
"1000","blog\home-gym-budget.html","489","https://gymtranning.com/thumbnails/video-high-intensity-abs.jpg","external","False","",""
"1001","blog\home-gym-budget.html","497","https://gymtranning.com/thumbnails/video-standing-abs-workout.jpg","external","False","",""
"1002","blog\home-gym-budget.html","533","./js/blog-post.min.js","internal","False","E:\gym\abcv-main\abcv-main\blog\js\blog-post.min.js","E:\gym\abcv-main\abcv-main\blog\js\blog-post.min.js"
"1003","blog\sleep-muscle-connection.html","153","https://gymtranning.com/blog/sleep-muscle-connection.html","external","False","",""
"1004","blog\sleep-muscle-connection.html","156","../favicon.ico","internal","True","E:\gym\abcv-main\abcv-main\favicon.ico","E:\gym\abcv-main\abcv-main\favicon.ico"
"1005","blog\sleep-muscle-connection.html","176","https://gymtranning.com/thumbnails/video-daily-stretching.jpg","external","False","",""
"1006","blog\sleep-muscle-connection.html","182","https://fonts.googleapis.com&amp;display=swap","external","False","",""
"1007","blog\sleep-muscle-connection.html","183","https://fonts.gstatic.com","external","False","",""
"1008","blog\sleep-muscle-connection.html","185","../css/tailwind.min.css","internal","True","E:\gym\abcv-main\abcv-main\css\tailwind.min.css","E:\gym\abcv-main\abcv-main\css\tailwind.min.css"
"1009","blog\sleep-muscle-connection.html","187","https://fonts.googleapis.com/css2?family=Poppins:wght@300;400;500;600;700&amp;family=Montserrat:wght@700;800;900&amp;display=swap","external","False","",""
"1010","blog\sleep-muscle-connection.html","188","https://cdnjs.cloudflare.com/ajax/libs/font-awesome/6.4.0/css/all.min.css","external","False","",""
"1011","blog\sleep-muscle-connection.html","189","https://cdnjs.cloudflare.com/ajax/libs/font-awesome/6.4.0/css/all.min.css","external","False","",""
"1012","blog\sleep-muscle-connection.html","194","https://cdnjs.cloudflare.com","external","False","",""
"1013","blog\sleep-muscle-connection.html","195","https://cdn.jsdelivr.net","external","False","",""
"1014","blog\sleep-muscle-connection.html","196","https://www.googletagmanager.com","external","False","",""
"1015","blog\sleep-muscle-connection.html","219","./css/blog-post.min.css","internal","False","E:\gym\abcv-main\abcv-main\blog\css\blog-post.min.css","E:\gym\abcv-main\abcv-main\blog\css\blog-post.min.css"
"1016","blog\sleep-muscle-connection.html","247","#main-content","anchor","False","",""
"1017","blog\sleep-muscle-connection.html","253","/","internal","True","E:\gym\abcv-main\abcv-main\","E:\gym\abcv-main\abcv-main\"
"1018","blog\sleep-muscle-connection.html","255","../blog.html","internal","True","E:\gym\abcv-main\abcv-main\blog.html","E:\gym\abcv-main\abcv-main\blog.html"
"1019","blog\sleep-muscle-connection.html","265","https://www.facebook.com/sharer/sharer.php?u=https%3A%2F%2Fgymtranning.com%2Fblog%2Fsleep-muscle-connection.html","external","False","",""
"1020","blog\sleep-muscle-connection.html","287","science-of-muscle-recovery.html","internal","True","E:\gym\abcv-main\abcv-main\blog\science-of-muscle-recovery.html","E:\gym\abcv-main\abcv-main\blog\science-of-muscle-recovery.html"
"1021","blog\sleep-muscle-connection.html","309","../workoutplanner.html","internal","True","E:\gym\abcv-main\abcv-main\workoutplanner.html","E:\gym\abcv-main\abcv-main\workoutplanner.html"
"1022","blog\sleep-muscle-connection.html","309","../dietplanner.html","internal","True","E:\gym\abcv-main\abcv-main\dietplanner.html","E:\gym\abcv-main\abcv-main\dietplanner.html"
"1023","blog\sleep-muscle-connection.html","309","../caloriecalculator.html","internal","True","E:\gym\abcv-main\abcv-main\caloriecalculator.html","E:\gym\abcv-main\abcv-main\caloriecalculator.html"
"1024","blog\sleep-muscle-connection.html","333","../workoutplanner.html","internal","True","E:\gym\abcv-main\abcv-main\workoutplanner.html","E:\gym\abcv-main\abcv-main\workoutplanner.html"
"1025","blog\sleep-muscle-connection.html","333","../dietplanner.html","internal","True","E:\gym\abcv-main\abcv-main\dietplanner.html","E:\gym\abcv-main\abcv-main\dietplanner.html"
"1026","blog\sleep-muscle-connection.html","333","../caloriecalculator.html","internal","True","E:\gym\abcv-main\abcv-main\caloriecalculator.html","E:\gym\abcv-main\abcv-main\caloriecalculator.html"
"1027","blog\sleep-muscle-connection.html","366","../workoutplanner.html","internal","True","E:\gym\abcv-main\abcv-main\workoutplanner.html","E:\gym\abcv-main\abcv-main\workoutplanner.html"
"1028","blog\sleep-muscle-connection.html","366","../dietplanner.html","internal","True","E:\gym\abcv-main\abcv-main\dietplanner.html","E:\gym\abcv-main\abcv-main\dietplanner.html"
"1029","blog\sleep-muscle-connection.html","366","../caloriecalculator.html","internal","True","E:\gym\abcv-main\abcv-main\caloriecalculator.html","E:\gym\abcv-main\abcv-main\caloriecalculator.html"
"1030","blog\sleep-muscle-connection.html","385","top-10-supplements.html","internal","True","E:\gym\abcv-main\abcv-main\blog\top-10-supplements.html","E:\gym\abcv-main\abcv-main\blog\top-10-supplements.html"
"1031","blog\sleep-muscle-connection.html","407","ultimate-guide-recovery-part-3.html","internal","True","E:\gym\abcv-main\abcv-main\blog\ultimate-guide-recovery-part-3.html","E:\gym\abcv-main\abcv-main\blog\ultimate-guide-recovery-part-3.html"
"1032","blog\sleep-muscle-connection.html","418","correcting-posture-exercises.html","internal","True","E:\gym\abcv-main\abcv-main\blog\correcting-posture-exercises.html","E:\gym\abcv-main\abcv-main\blog\correcting-posture-exercises.html"
"1033","blog\sleep-muscle-connection.html","422","recovery-rest-days.html","internal","True","E:\gym\abcv-main\abcv-main\blog\recovery-rest-days.html","E:\gym\abcv-main\abcv-main\blog\recovery-rest-days.html"
"1034","blog\sleep-muscle-connection.html","426","science-of-muscle-recovery.html","internal","True","E:\gym\abcv-main\abcv-main\blog\science-of-muscle-recovery.html","E:\gym\abcv-main\abcv-main\blog\science-of-muscle-recovery.html"
"1035","blog\sleep-muscle-connection.html","430","ultimate-guide-recovery-part-15.html","internal","True","E:\gym\abcv-main\abcv-main\blog\ultimate-guide-recovery-part-15.html","E:\gym\abcv-main\abcv-main\blog\ultimate-guide-recovery-part-15.html"
"1036","blog\sleep-muscle-connection.html","454","../medical_disclaimer.html","internal","True","E:\gym\abcv-main\abcv-main\medical_disclaimer.html","E:\gym\abcv-main\abcv-main\medical_disclaimer.html"
"1037","blog\sleep-muscle-connection.html","454","../editorial-policy.html","internal","True","E:\gym\abcv-main\abcv-main\editorial-policy.html","E:\gym\abcv-main\abcv-main\editorial-policy.html"
"1038","blog\sleep-muscle-connection.html","454","../affiliate-disclosure.html","internal","True","E:\gym\abcv-main\abcv-main\affiliate-disclosure.html","E:\gym\abcv-main\abcv-main\affiliate-disclosure.html"
"1039","blog\sleep-muscle-connection.html","465","recovery-rest-days.html","internal","True","E:\gym\abcv-main\abcv-main\blog\recovery-rest-days.html","E:\gym\abcv-main\abcv-main\blog\recovery-rest-days.html"
"1040","blog\sleep-muscle-connection.html","473","science-of-muscle-recovery.html","internal","True","E:\gym\abcv-main\abcv-main\blog\science-of-muscle-recovery.html","E:\gym\abcv-main\abcv-main\blog\science-of-muscle-recovery.html"
"1041","blog\sleep-muscle-connection.html","481","mindset-motivation-psychology.html","internal","True","E:\gym\abcv-main\abcv-main\blog\mindset-motivation-psychology.html","E:\gym\abcv-main\abcv-main\blog\mindset-motivation-psychology.html"
"1042","blog\sleep-muscle-connection.html","495","top-10-supplements.html","internal","True","E:\gym\abcv-main\abcv-main\blog\top-10-supplements.html","E:\gym\abcv-main\abcv-main\blog\top-10-supplements.html"
"1043","blog\sleep-muscle-connection.html","506","../workoutplanner.html","internal","True","E:\gym\abcv-main\abcv-main\workoutplanner.html","E:\gym\abcv-main\abcv-main\workoutplanner.html"
"1044","blog\sleep-muscle-connection.html","507","../dietplanner.html","internal","True","E:\gym\abcv-main\abcv-main\dietplanner.html","E:\gym\abcv-main\abcv-main\dietplanner.html"
"1045","blog\sleep-muscle-connection.html","508","../caloriecalculator.html","internal","True","E:\gym\abcv-main\abcv-main\caloriecalculator.html","E:\gym\abcv-main\abcv-main\caloriecalculator.html"
"1046","blog\sleep-muscle-connection.html","509","../nutrition.html","internal","True","E:\gym\abcv-main\abcv-main\nutrition.html","E:\gym\abcv-main\abcv-main\nutrition.html"
"1047","blog\sleep-muscle-connection.html","510","../gym-empire-arcade.html","internal","True","E:\gym\abcv-main\abcv-main\gym-empire-arcade.html","E:\gym\abcv-main\abcv-main\gym-empire-arcade.html"
"1048","blog\sleep-muscle-connection.html","511","../about.html","internal","True","E:\gym\abcv-main\abcv-main\about.html","E:\gym\abcv-main\abcv-main\about.html"
"1049","blog\sleep-muscle-connection.html","512","../faq.html","internal","True","E:\gym\abcv-main\abcv-main\faq.html","E:\gym\abcv-main\abcv-main\faq.html"
"1050","blog\sleep-muscle-connection.html","191","./js/lite-yt-embed.min.js","internal","False","E:\gym\abcv-main\abcv-main\blog\js\lite-yt-embed.min.js","E:\gym\abcv-main\abcv-main\blog\js\lite-yt-embed.min.js"
"1051","blog\sleep-muscle-connection.html","192","../layout.js","internal","True","E:\gym\abcv-main\abcv-main\layout.js","E:\gym\abcv-main\abcv-main\layout.js"
"1052","blog\sleep-muscle-connection.html","193","./js/ads.min.js","internal","False","E:\gym\abcv-main\abcv-main\blog\js\ads.min.js","E:\gym\abcv-main\abcv-main\blog\js\ads.min.js"
"1053","blog\sleep-muscle-connection.html","198","https://www.googletagmanager.com/gtag/js?id=G-J3YYRQ301T","external","False","",""
"1054","blog\sleep-muscle-connection.html","267","https://gymtranning.com/thumbnails/video-daily-stretching.jpg","external","False","",""
"1055","blog\sleep-muscle-connection.html","301","./thumbnails/video-daily-stretching.jpg","internal","False","E:\gym\abcv-main\abcv-main\blog\thumbnails\video-daily-stretching.jpg","E:\gym\abcv-main\abcv-main\blog\thumbnails\video-daily-stretching.jpg"
"1056","blog\sleep-muscle-connection.html","325","./thumbnails/video-office-worker-stretch-break.jpg","internal","False","E:\gym\abcv-main\abcv-main\blog\thumbnails\video-office-worker-stretch-break.jpg","E:\gym\abcv-main\abcv-main\blog\thumbnails\video-office-worker-stretch-break.jpg"
"1057","blog\sleep-muscle-connection.html","347","./thumbnails/video-daily-stretching.jpg","internal","False","E:\gym\abcv-main\abcv-main\blog\thumbnails\video-daily-stretching.jpg","E:\gym\abcv-main\abcv-main\blog\thumbnails\video-daily-stretching.jpg"
"1058","blog\sleep-muscle-connection.html","419","https://gymtranning.com/thumbnails/video-improve-your-posture-with-these-exercises.jpg","external","False","",""
"1059","blog\sleep-muscle-connection.html","423","https://gymtranning.com/thumbnails/video-post-workout-cool-down.jpg","external","False","",""
"1060","blog\sleep-muscle-connection.html","427","https://gymtranning.com/thumbnails/video-core-mobility-and-stretch.jpg","external","False","",""
"1061","blog\sleep-muscle-connection.html","431","https://gymtranning.com/thumbnails/video-core-and-glute-activation.jpg","external","False","",""
"1062","blog\sleep-muscle-connection.html","466","https://gymtranning.com/thumbnails/video-post-workout-cool-down.jpg","external","False","",""
"1063","blog\sleep-muscle-connection.html","474","https://gymtranning.com/thumbnails/video-core-mobility-and-stretch.jpg","external","False","",""
"1064","blog\sleep-muscle-connection.html","482","https://gymtranning.com/thumbnails/video-resistance-band-warmup.jpg","external","False","",""
"1065","blog\sleep-muscle-connection.html","517","./js/blog-post.min.js","internal","False","E:\gym\abcv-main\abcv-main\blog\js\blog-post.min.js","E:\gym\abcv-main\abcv-main\blog\js\blog-post.min.js"
"1066","blog\top-10-supplements.html","153","https://gymtranning.com/blog/top-10-supplements.html","external","False","",""
"1067","blog\top-10-supplements.html","156","../favicon.ico","internal","True","E:\gym\abcv-main\abcv-main\favicon.ico","E:\gym\abcv-main\abcv-main\favicon.ico"
"1068","blog\top-10-supplements.html","176","https://gymtranning.com/thumbnails/video-full-core-circuit.jpg","external","False","",""
"1069","blog\top-10-supplements.html","182","https://fonts.googleapis.com&amp;display=swap","external","False","",""
"1070","blog\top-10-supplements.html","183","https://fonts.gstatic.com","external","False","",""
"1071","blog\top-10-supplements.html","185","../css/tailwind.min.css","internal","True","E:\gym\abcv-main\abcv-main\css\tailwind.min.css","E:\gym\abcv-main\abcv-main\css\tailwind.min.css"
"1072","blog\top-10-supplements.html","187","https://fonts.googleapis.com/css2?family=Poppins:wght@300;400;500;600;700&amp;family=Montserrat:wght@700;800;900&amp;display=swap","external","False","",""
"1073","blog\top-10-supplements.html","188","https://cdnjs.cloudflare.com/ajax/libs/font-awesome/6.4.0/css/all.min.css","external","False","",""
"1074","blog\top-10-supplements.html","189","https://cdnjs.cloudflare.com/ajax/libs/font-awesome/6.4.0/css/all.min.css","external","False","",""
"1075","blog\top-10-supplements.html","194","https://cdnjs.cloudflare.com","external","False","",""
"1076","blog\top-10-supplements.html","195","https://cdn.jsdelivr.net","external","False","",""
"1077","blog\top-10-supplements.html","196","https://www.googletagmanager.com","external","False","",""
"1078","blog\top-10-supplements.html","219","./css/blog-post.min.css","internal","False","E:\gym\abcv-main\abcv-main\blog\css\blog-post.min.css","E:\gym\abcv-main\abcv-main\blog\css\blog-post.min.css"
"1079","blog\top-10-supplements.html","247","#main-content","anchor","False","",""
"1080","blog\top-10-supplements.html","253","/","internal","True","E:\gym\abcv-main\abcv-main\","E:\gym\abcv-main\abcv-main\"
"1081","blog\top-10-supplements.html","255","../blog.html","internal","True","E:\gym\abcv-main\abcv-main\blog.html","E:\gym\abcv-main\abcv-main\blog.html"
"1082","blog\top-10-supplements.html","265","https://www.facebook.com/sharer/sharer.php?u=https%3A%2F%2Fgymtranning.com%2Fblog%2Ftop-10-supplements.html","external","False","",""
"1083","blog\top-10-supplements.html","286","ultimate-guide-supplements-part-1.html","internal","True","E:\gym\abcv-main\abcv-main\blog\ultimate-guide-supplements-part-1.html","E:\gym\abcv-main\abcv-main\blog\ultimate-guide-supplements-part-1.html"
"1084","blog\top-10-supplements.html","288","../workoutplanner.html","internal","True","E:\gym\abcv-main\abcv-main\workoutplanner.html","E:\gym\abcv-main\abcv-main\workoutplanner.html"
"1085","blog\top-10-supplements.html","288","../dietplanner.html","internal","True","E:\gym\abcv-main\abcv-main\dietplanner.html","E:\gym\abcv-main\abcv-main\dietplanner.html"
"1086","blog\top-10-supplements.html","288","../caloriecalculator.html","internal","True","E:\gym\abcv-main\abcv-main\caloriecalculator.html","E:\gym\abcv-main\abcv-main\caloriecalculator.html"
"1087","blog\top-10-supplements.html","318","pre-post-workout-nutrition.html","internal","True","E:\gym\abcv-main\abcv-main\blog\pre-post-workout-nutrition.html","E:\gym\abcv-main\abcv-main\blog\pre-post-workout-nutrition.html"
"1088","blog\top-10-supplements.html","322","vegetarian-athlete-protein.html","internal","True","E:\gym\abcv-main\abcv-main\blog\vegetarian-athlete-protein.html","E:\gym\abcv-main\abcv-main\blog\vegetarian-athlete-protein.html"
"1089","blog\top-10-supplements.html","428","ultimate-guide-supplements-part-1.html","internal","True","E:\gym\abcv-main\abcv-main\blog\ultimate-guide-supplements-part-1.html","E:\gym\abcv-main\abcv-main\blog\ultimate-guide-supplements-part-1.html"
"1090","blog\top-10-supplements.html","432","ultimate-guide-supplements-part-61.html","internal","True","E:\gym\abcv-main\abcv-main\blog\ultimate-guide-supplements-part-61.html","E:\gym\abcv-main\abcv-main\blog\ultimate-guide-supplements-part-61.html"
"1091","blog\top-10-supplements.html","436","ultimate-guide-supplements-part-8.html","internal","True","E:\gym\abcv-main\abcv-main\blog\ultimate-guide-supplements-part-8.html","E:\gym\abcv-main\abcv-main\blog\ultimate-guide-supplements-part-8.html"
"1092","blog\top-10-supplements.html","440","ultimate-guide-supplements-part-85.html","internal","True","E:\gym\abcv-main\abcv-main\blog\ultimate-guide-supplements-part-85.html","E:\gym\abcv-main\abcv-main\blog\ultimate-guide-supplements-part-85.html"
"1093","blog\top-10-supplements.html","464","../medical_disclaimer.html","internal","True","E:\gym\abcv-main\abcv-main\medical_disclaimer.html","E:\gym\abcv-main\abcv-main\medical_disclaimer.html"
"1094","blog\top-10-supplements.html","464","../editorial-policy.html","internal","True","E:\gym\abcv-main\abcv-main\editorial-policy.html","E:\gym\abcv-main\abcv-main\editorial-policy.html"
"1095","blog\top-10-supplements.html","464","../affiliate-disclosure.html","internal","True","E:\gym\abcv-main\abcv-main\affiliate-disclosure.html","E:\gym\abcv-main\abcv-main\affiliate-disclosure.html"
"1096","blog\top-10-supplements.html","475","pre-post-workout-nutrition.html","internal","True","E:\gym\abcv-main\abcv-main\blog\pre-post-workout-nutrition.html","E:\gym\abcv-main\abcv-main\blog\pre-post-workout-nutrition.html"
"1097","blog\top-10-supplements.html","483","sleep-muscle-connection.html","internal","True","E:\gym\abcv-main\abcv-main\blog\sleep-muscle-connection.html","E:\gym\abcv-main\abcv-main\blog\sleep-muscle-connection.html"
"1098","blog\top-10-supplements.html","491","science-of-muscle-recovery.html","internal","True","E:\gym\abcv-main\abcv-main\blog\science-of-muscle-recovery.html","E:\gym\abcv-main\abcv-main\blog\science-of-muscle-recovery.html"
"1099","blog\top-10-supplements.html","505","../gym-empire-arcade.html","internal","True","E:\gym\abcv-main\abcv-main\gym-empire-arcade.html","E:\gym\abcv-main\abcv-main\gym-empire-arcade.html"
"1100","blog\top-10-supplements.html","511","../caloriecalculator.html","internal","True","E:\gym\abcv-main\abcv-main\caloriecalculator.html","E:\gym\abcv-main\abcv-main\caloriecalculator.html"
"1101","blog\top-10-supplements.html","522","../workoutplanner.html","internal","True","E:\gym\abcv-main\abcv-main\workoutplanner.html","E:\gym\abcv-main\abcv-main\workoutplanner.html"
"1102","blog\top-10-supplements.html","523","../dietplanner.html","internal","True","E:\gym\abcv-main\abcv-main\dietplanner.html","E:\gym\abcv-main\abcv-main\dietplanner.html"
"1103","blog\top-10-supplements.html","524","../caloriecalculator.html","internal","True","E:\gym\abcv-main\abcv-main\caloriecalculator.html","E:\gym\abcv-main\abcv-main\caloriecalculator.html"
"1104","blog\top-10-supplements.html","525","../nutrition.html","internal","True","E:\gym\abcv-main\abcv-main\nutrition.html","E:\gym\abcv-main\abcv-main\nutrition.html"
"1105","blog\top-10-supplements.html","526","../gym-empire-arcade.html","internal","True","E:\gym\abcv-main\abcv-main\gym-empire-arcade.html","E:\gym\abcv-main\abcv-main\gym-empire-arcade.html"
"1106","blog\top-10-supplements.html","527","../about.html","internal","True","E:\gym\abcv-main\abcv-main\about.html","E:\gym\abcv-main\abcv-main\about.html"
"1107","blog\top-10-supplements.html","528","../faq.html","internal","True","E:\gym\abcv-main\abcv-main\faq.html","E:\gym\abcv-main\abcv-main\faq.html"
"1108","blog\top-10-supplements.html","191","./js/lite-yt-embed.min.js","internal","False","E:\gym\abcv-main\abcv-main\blog\js\lite-yt-embed.min.js","E:\gym\abcv-main\abcv-main\blog\js\lite-yt-embed.min.js"
"1109","blog\top-10-supplements.html","192","../layout.js","internal","True","E:\gym\abcv-main\abcv-main\layout.js","E:\gym\abcv-main\abcv-main\layout.js"
"1110","blog\top-10-supplements.html","193","./js/ads.min.js","internal","False","E:\gym\abcv-main\abcv-main\blog\js\ads.min.js","E:\gym\abcv-main\abcv-main\blog\js\ads.min.js"
"1111","blog\top-10-supplements.html","198","https://www.googletagmanager.com/gtag/js?id=G-J3YYRQ301T","external","False","",""
"1112","blog\top-10-supplements.html","267","https://gymtranning.com/thumbnails/video-full-core-circuit.jpg","external","False","",""
"1113","blog\top-10-supplements.html","305","./thumbnails/video-full-core-circuit.jpg","internal","False","E:\gym\abcv-main\abcv-main\blog\thumbnails\video-full-core-circuit.jpg","E:\gym\abcv-main\abcv-main\blog\thumbnails\video-full-core-circuit.jpg"
"1114","blog\top-10-supplements.html","334","./thumbnails/video-10-min-abs-workout.jpg","internal","False","E:\gym\abcv-main\abcv-main\blog\thumbnails\video-10-min-abs-workout.jpg","E:\gym\abcv-main\abcv-main\blog\thumbnails\video-10-min-abs-workout.jpg"
"1115","blog\top-10-supplements.html","356","./thumbnails/video-post-workout-cool-down.jpg","internal","False","E:\gym\abcv-main\abcv-main\blog\thumbnails\video-post-workout-cool-down.jpg","E:\gym\abcv-main\abcv-main\blog\thumbnails\video-post-workout-cool-down.jpg"
"1116","blog\top-10-supplements.html","429","https://gymtranning.com/thumbnails/video-mvi-0351.jpg","external","False","",""
"1117","blog\top-10-supplements.html","433","https://gymtranning.com/thumbnails/video-mvi-0349.jpg","external","False","",""
"1118","blog\top-10-supplements.html","437","https://gymtranning.com/thumbnails/video-office-worker-stretch-break.jpg","external","False","",""
"1119","blog\top-10-supplements.html","441","https://gymtranning.com/thumbnails/video-lower-body-deep-stretch.jpg","external","False","",""
"1120","blog\top-10-supplements.html","476","https://gymtranning.com/thumbnails/video-mvi-0343.jpg","external","False","",""
"1121","blog\top-10-supplements.html","484","https://gymtranning.com/thumbnails/video-daily-stretching.jpg","external","False","",""
"1122","blog\top-10-supplements.html","492","https://gymtranning.com/thumbnails/video-core-mobility-and-stretch.jpg","external","False","",""
"1123","blog\top-10-supplements.html","533","./js/blog-post.min.js","internal","False","E:\gym\abcv-main\abcv-main\blog\js\blog-post.min.js","E:\gym\abcv-main\abcv-main\blog\js\blog-post.min.js"
